title, company, location, link
Software Engineer,Credent Team Pvt. Ltd.,"Bengaluru, India",https://stackoverflow.com/jobs/404083
サーバーサイドエンジニア,TOWN株式会社,"Chuo City, Japan",https://stackoverflow.com/jobs/403989
【正社員】システム開発エンジニア(リーダー職)・年収~800万円,株式会社サークルネット,"Tokyo, Japan",https://stackoverflow.com/jobs/403988
テックリードエンジニア (メンバー/リーダー候補),株式会社Works Human Intelligence,"Minato City, Japan",https://stackoverflow.com/jobs/403979
サーバーサイドエンジニア,株式会社マイベスト,"Chuo City, Japan",https://stackoverflow.com/jobs/381625
インフラエンジニア(SREリーダー),type転職エージェント,"Chiyoda City, Japan",https://stackoverflow.com/jobs/403965
【上場企業で正社員!】サーバーサイドエンジニア,株式会社サークルネット,"Tokyo, Japan",https://stackoverflow.com/jobs/403964
エンジニアリーダー,株式会社オズビジョン,"Chiyoda City, Japan",https://stackoverflow.com/jobs/403963
フリーランスエンジニア/IT領域,レバレジーズ株式会社,"Shibuya City, Japan",https://stackoverflow.com/jobs/317827
フロントエンドエンジニア,株式会社マイクロアド,"Shibuya City, Japan",https://stackoverflow.com/jobs/403962
セキュリティエンジニア,type転職エージェント,"Chiyoda City, Japan",https://stackoverflow.com/jobs/403961
プロジェクトマネージャー(マネージャー候補),type転職エージェント,"Chiyoda City, Japan",https://stackoverflow.com/jobs/403960
サーバサイドエンジニア,クーコム株式会社,"Shibuya City, Japan",https://stackoverflow.com/jobs/403959
"8月開始 5名募集 時給3,500円 Webアプリ新規開発",株式会社エーティーエス,"Setagaya City, Japan",https://stackoverflow.com/jobs/403958
開発エンジニア　SE,株式会社クルージス,"Chiyoda City, Japan",https://stackoverflow.com/jobs/403957
電子書籍運営会社でフロントエンドエンジニア,株式会社フェローズ,"Minato City, Japan",https://stackoverflow.com/jobs/403956
スマートフォンアプリエンジニア,type転職エージェント,"Chiyoda City, Japan",https://stackoverflow.com/jobs/403955
Webサイトおよびアプリの運用業務,株式会社キャリアデザインITパートナーズ,"Shinjuku City, Japan",https://stackoverflow.com/jobs/403954
プログラマ,"Evolable Asia Co.,Ltd.","Chuo City, Japan",https://stackoverflow.com/jobs/403953
プロジェクトマネージャー/プロジェクトリーダー,株式会社エヌ・ティー・エス,"Toshima City, Japan",https://stackoverflow.com/jobs/403939
プログラマー / システムエンジニア,株式会社インファンクォーレ,"Toshima City, Japan",https://stackoverflow.com/jobs/403938
フロントエンドエンジニア,株式会社PTMIND,"Shibuya City, Japan",https://stackoverflow.com/jobs/403931
iOSエンジニア/モバイル/アプリサービス,株式会社 エクスメディオ,"Chiyoda City, Japan",https://stackoverflow.com/jobs/403914
【正社員・年収~800万円】システム開発エンジニア(リーダー職)@大阪,株式会社サークルネット,"Osaka, Japan",https://stackoverflow.com/jobs/403905
フロントエンドエンジニア,株式会社イマジカデジタルスケープ,"Osaka, Japan",https://stackoverflow.com/jobs/344645
フロントエンドエンジニア,株式会社BookLive,"Minato City, Japan",https://stackoverflow.com/jobs/403867
九段下駅|Web系システム開発エンジニア若手大歓迎 あなたの成長を全力でサポートします |データベース設計 構築 運用 保守(オープン WEB系),株式会社ジェネスティコンサルティング 本社※勤務先はお客様先です,"Chiyoda City, Japan",https://stackoverflow.com/jobs/403861
飯田橋駅|Web系システム開発エンジニア若手大歓迎 あなたの成長を全力でサポートします |アプリケーション設計(オープン WEB系),株式会社ジェネスティコンサルティング 本社※勤務先はお客様先です,"千代田区, Japan",https://stackoverflow.com/jobs/403860
後楽園駅|Web系システム開発エンジニア若手大歓迎 あなたの成長を全力でサポートします |アプリケーション設計(オープン WEB系),株式会社ジェネスティコンサルティング 本社※勤務先はお客様先です,"Chiyoda City, Japan",https://stackoverflow.com/jobs/403859
飯田橋駅|Web系システム開発エンジニア若手大歓迎 あなたの成長を全力でサポートします |プログラマ(オープン WEB系),株式会社ジェネスティコンサルティング 本社※勤務先はお客様先です,"千代田区, Japan",https://stackoverflow.com/jobs/403858
後楽園駅|Web系システム開発エンジニア若手大歓迎 あなたの成長を全力でサポートします |プログラマ(オープン WEB系),株式会社ジェネスティコンサルティング 本社※勤務先はお客様先です,"Chiyoda City, Japan",https://stackoverflow.com/jobs/403857
開発エンジニア(シニアエンジニア),株式会社エル・ティー・エス,"Shinjuku City, Japan",https://stackoverflow.com/jobs/403817
小千谷駅|開発案件のアーキテクト(海外とのやりとりあり / 残業少なめ / チャンスの多いベンチャー企業)|アプリケーション設計(オープン WEB系),株式会社プライムスタイル 新潟オフィス,"Ojiya, Japan",https://stackoverflow.com/jobs/403790
小千谷駅|AI案件増加中 / リモート勤務など柔軟に働けます / 残業少なめ / SE 募集 |データベース設計 構築 運用 保守(オープン WEB系),株式会社プライムスタイル 新潟オフィス,"Ojiya, Japan",https://stackoverflow.com/jobs/403789
社内システム開発エンジニア,株式会社ネクソン,"Oita, Japan",https://stackoverflow.com/jobs/403736
"SE 正社員 WEB面接OK 豊洲 Java,Vue.js経験者募集 データ活用プロトシステム開発",株式会社ビーネックスソリューションズ,"Koto City, Japan",https://stackoverflow.com/jobs/403727
丸太町駅|デザイナーとプログラマーの両方やりたいフロントエンドエンジニア募集 ( リモートも可 )|WEBデザイナー,メディアマックスジャパン株式会社 本社,"Kyoto, Japan",https://stackoverflow.com/jobs/403709
フロントエンドエンジニア・GUWebデベロッパー/WebDeveloper,ランスタッド株式会社,"Koto City, Japan",https://stackoverflow.com/jobs/343152
Webデザイナー,株式会社ロボット,"Oita, Japan",https://stackoverflow.com/jobs/403702
フロントエンドエンジニア,チームラボ株式会社,"Chiyoda City, Japan",https://stackoverflow.com/jobs/317395
ITエンジニア,株式会社with,"Chuo City, Japan",https://stackoverflow.com/jobs/403697
SE,株式会社ユニラボ,"Shinagawa City, Japan",https://stackoverflow.com/jobs/403696
青山一丁目駅|デザイナーとプログラマーの両方やりたいフロントエンドエンジニア募集 ( リモートも可 )|その他のシステム開発(オープン WEB系)関連職,メディアマックスジャパン株式会社 東京オフィス,"Minato City, Japan",https://stackoverflow.com/jobs/403695
元田中駅|デザイナーとプログラマーの両方やりたいフロントエンドエンジニア募集 ( リモートも可 )|WEBデザイナー,メディアマックスジャパン株式会社 本社,"Kyoto, Japan",https://stackoverflow.com/jobs/403692
交通費全額 大手企業/保険業向けアジャイル開発(リーダー),株式会社エーティーエス,"大阪市, Japan",https://stackoverflow.com/jobs/403691
時給3500円 即日/駅近/Webアプリケーションエンジニア,株式会社エーティーエス,"Setagaya City, Japan",https://stackoverflow.com/jobs/403674
Azureエンジニア/システムインテグレータ・ソフトハウス,株式会社 GxP,"Shinjuku City, Japan",https://stackoverflow.com/jobs/403656
フロントエンドエンジニア(リーダー候補)　※マネジメント経験不問/リーダーへのキャリアアップ可,ARアドバンストテクノロジ株式会社,"Shibuya City, Japan",https://stackoverflow.com/jobs/317234
【実務経験者採用】フロントエンドエンジニア,株式会社Sun Asterisk,"Chiyoda City, Japan",https://stackoverflow.com/jobs/403650
フリーランス　金融業向けシステム開発エンジニア　30代・40代活躍中,株式会社ビーブレイクシステムズ,"Minato City, Japan",https://stackoverflow.com/jobs/403649
Senior Data Engineer,Civitech,"Austin, TX",https://stackoverflow.com/jobs/361676
Web/モバイルエンジニア経験者歓迎、キャリアUP支援やメンター制度で成長をサポート福利厚生も充実,株式会社　アクセル・モード,"Oita, Japan",https://stackoverflow.com/jobs/403647
自社サービス/新規事業/フロントエンジニア/マザーズ上場/東京/不動産Tech/350~900万円,リビン・テクノロジーズ株式会社,"Chuo City, Japan",https://stackoverflow.com/jobs/318697
新着 プロダクト開発エンジニア(CSA),クラスメソッド株式会社,"Chiyoda City, Japan",https://stackoverflow.com/jobs/403646
ITエンジニア,株式会社with,"Chuo City, Japan",https://stackoverflow.com/jobs/403639
システム開発リーダー候補,アルテリア・ネットワークス株式会社,"Chiyoda City, Japan",https://stackoverflow.com/jobs/403634
楽楽労務 開発エンジニア,株式会社ラクス,"Osaka, Japan",https://stackoverflow.com/jobs/403556
WEBシステム受託開発のセールスエンジニア,株式会社ユービー,"Yokohama, Japan",https://stackoverflow.com/jobs/378844
サーバーサイドエンジニア,type転職エージェント,"Chiyoda City, Japan",https://stackoverflow.com/jobs/403510
【正社員・年収700~1200万円】上場企業でシステム開発マネージャー,株式会社サークルネット,"Tokyo, Japan",https://stackoverflow.com/jobs/403509
フロントエンドエンジニア,株式会社パソナテック,"Ogawa, Japan",https://stackoverflow.com/jobs/403508
SE・PG(オープン系)/週4日or時短OKJavaScriptNode.js/Vue.js開発 2600円~,パーソル パナソニック HRパートナーズ株式会社　テクニカル事業本部,"Osaka, Japan",https://stackoverflow.com/jobs/403478
赤坂駅|デザイナーとプログラマーの両方やりたいフロントエンドエンジニア募集 ( リモートも可 )|その他のシステム開発(オープン WEB系)関連職,メディアマックスジャパン株式会社 東京オフィス,"Minato City, Japan",https://stackoverflow.com/jobs/403435
乃木坂駅|デザイナーとプログラマーの両方やりたいフロントエンドエンジニア募集 ( リモートも可 )|WEBデザイナー,メディアマックスジャパン株式会社 東京オフィス,"Minato City, Japan",https://stackoverflow.com/jobs/403431
サーバーサイドエンジニア,CROOZ SHOPLIST株式会社,"Shinagawa City, Japan",https://stackoverflow.com/jobs/383348
事業会社の開発エンジニア,転職エージェント　エンなび,"Shinjuku City, Japan",https://stackoverflow.com/jobs/401600
プロジェクトマネージャー,UUUM株式会社,"Minato City, Japan",https://stackoverflow.com/jobs/403393
SE・プログラマ 2021卒,株式会社イーグリッド,"Maebashi, Japan",https://stackoverflow.com/jobs/375533
ソフトウェアエンジニア(メディアグロース),レバレジーズ株式会社,"Shibuya City, Japan",https://stackoverflow.com/jobs/318464
新規ゲームメディア開発マネージャー,ナイル株式会社,"Shinagawa City, Japan",https://stackoverflow.com/jobs/394412
全国どこにお住まいでもOK!新規医療SaaS事業のリードエンジニアを募集,株式会社医薬情報ネット,"Minato City, Japan",https://stackoverflow.com/jobs/394406
アプリケーションエンジニア リーダー候補,株式会社KDDIウェブコミュニケーションズ,"Minato City, Japan",https://stackoverflow.com/jobs/386296
フロントエンドエンジニア,CROOZ SHOPLIST株式会社,"Shinagawa City, Japan",https://stackoverflow.com/jobs/386263
ネイティブアプリエンジニア,CROOZ SHOPLIST株式会社,"Shinagawa City, Japan",https://stackoverflow.com/jobs/386262
Webエンジニア(社内向けサービス),type転職エージェント,"Oita, Japan",https://stackoverflow.com/jobs/386194
Tech Lead (m/w/d) Java,Breuninger GmbH & Co.,"Stuttgart, Deutschland",https://stackoverflow.com/jobs/390263
Senior Software Engineer,Patch.com,"New York, NY",https://stackoverflow.com/jobs/394309
Full-Stack Developer,Charidy,"Brooklyn, NY",https://stackoverflow.com/jobs/307185
Full Stack Developer,Särmä Digital Oy,"Helsinki, Finland",https://stackoverflow.com/jobs/333786
"Full Stack Developer: Node.js, Python or Go | autonomy, flexibility | new team",Oscatelviatechfolk,No office location,https://stackoverflow.com/jobs/400637
Full Stack Developer,Enovational,"Washington, DC",https://stackoverflow.com/jobs/173771
Full Stack .NET Developer (inhouse),Bloemert | Development B.V.,"Staphorst, Netherlands",https://stackoverflow.com/jobs/403362
Senior Front-end Developer (Vue.js),Insider,"Kâğıthane, Turkey",https://stackoverflow.com/jobs/403358
CI/CD Toolchain Developer,Segula Technologies Sweden,"Gothenburg, Sweden",https://stackoverflow.com/jobs/394262
Full-Stack Web-Entwickler (m/w/d),RheinEnergie AG,"Köln, Deutschland",https://stackoverflow.com/jobs/383518
Full-stack Engineer,naontek AG,"Düsseldorf, Germany",https://stackoverflow.com/jobs/269488
Backend Engineer (m/f/d) - Working Student or Intern,Motius GmbH,"München, Deutschland",https://stackoverflow.com/jobs/367229
Frontend Engineer (m/f/d) - Working Student or Intern,Motius GmbH,"München, Deutschland",https://stackoverflow.com/jobs/367235
Java Entwickler*in (m/w/d),GFT Deutschland,"Eschborn, Deutschland",https://stackoverflow.com/jobs/393531
フロントエンドエンジニア,type転職エージェント,"Shinjuku City, Japan",https://stackoverflow.com/jobs/358433
フロントエンドエンジニア《自社SaaS事業のプロダクト開発》,株式会社WAKUWAKU,"Meguro City, Japan",https://stackoverflow.com/jobs/386076
(Java)コスメ/デジタルコード販売サービス開発案件,レバテック株式会社,"Setagaya City, Japan",https://stackoverflow.com/jobs/386072
システムエンジニア,株式会社シャインソフト,"Minato City, Japan",https://stackoverflow.com/jobs/385943
住まいDiv.Rubyエンジニア,株式会社じげん,"Minato City, Japan",https://stackoverflow.com/jobs/394211
Développeur Full-Stack H/F – CDI – Paris,SkillValue,"Paris, France",https://stackoverflow.com/jobs/394205
Webエンジニア 広告サービス自社開発,株式会社ロンバード,"Shinagawa City, Japan",https://stackoverflow.com/jobs/394200
ECサイトフロントエンド開発(JavaScript),株式会社アイソル,"Shinjuku City, Japan",https://stackoverflow.com/jobs/352953
PHP-/Javascript-Entwickler mit einem Faible für Datenprozesse (w/m/d),Publicare Marketing Communications GmbH,"Frankfurt am Main, Deutschland",https://stackoverflow.com/jobs/287513
エンジニアリングマネージャー,アイスタイルグループ,"Minato City, Japan",https://stackoverflow.com/jobs/366340
Software Developer Javascript,Virtuoso,"Hyderabad, India",https://stackoverflow.com/jobs/374980
Job Opportunity - Full Stack Developer(Java),Datadot Software Solutions,"Hyderabad, India",https://stackoverflow.com/jobs/403304
Java Developer,Gleecus TechLabs Pvt. Ltd,"Hyderabad, India",https://stackoverflow.com/jobs/403292
Senior Web Developer,BrandMommy,"New Delhi, India",https://stackoverflow.com/jobs/403281
Front End Web Developer,Agicent Technologies,"Noida, India",https://stackoverflow.com/jobs/403275
PHP Developer (Laravel),Leadingdots Solutions Pvt.Ltd.,"Noida, India",https://stackoverflow.com/jobs/403244
Mobile App Developer (Flutter),MYRIAD SOLUTIONZ,"Ahmedabad, India",https://stackoverflow.com/jobs/403241
社内SE,type転職エージェント,"Shibuya City, Japan",https://stackoverflow.com/jobs/394105
Senior Front-end Engineer,"Autify, Inc.","Tokyo, Japan",https://stackoverflow.com/jobs/347910
社内業務,"転職支援インター・スクエアー,Inc.","Shinagawa City, Japan",https://stackoverflow.com/jobs/403206
JavaScriptエンジニア,type転職エージェント,"Chiyoda City, Japan",https://stackoverflow.com/jobs/403199
SE,株式会社フロムスクラッチ,"Shinjuku City, Japan",https://stackoverflow.com/jobs/403190
Rubyエンジニア(研究開発チーム)/インターネット/Webサービス・ASP,株式会社 LegalForce,"Chiyoda City, Japan",https://stackoverflow.com/jobs/403187
プロジェクトマネージャー,日本タタ・コンサルタンシー・サービシズ株式会社,"Minato City, Japan",https://stackoverflow.com/jobs/403166
PHP Developer,Connect 4 Resources,"New Delhi, India",https://stackoverflow.com/jobs/393822
Software Developers (WFH - For Now),La Net Team Software Solutions Pvt. Ltd.,"Surat, India",https://stackoverflow.com/jobs/393749
Senior Web Developer,Portable,"Fitzroy, Australia",https://stackoverflow.com/jobs/366188
Full Stack Developer,Adrobit Technologies,"Kolkata, India",https://stackoverflow.com/jobs/327042
Full Stack Developer,Vixplor Analytics,"Kolkata, India",https://stackoverflow.com/jobs/327018
Sr. PHP Developer / Team Lead,innofied,"Kolkata, India",https://stackoverflow.com/jobs/327016
PHP Developer,innofied,"Kolkata, India",https://stackoverflow.com/jobs/326941
Laravel Developer,Brainium Information Technologies,"Kolkata, India",https://stackoverflow.com/jobs/326909
Junior Web Developer / Web Developer - PHP,Openweb Solutions,"Kolkata, India",https://stackoverflow.com/jobs/326904
UI Developer,Profectus,"Bengaluru, India",https://stackoverflow.com/jobs/325369
UI Developer,Anatta,"Bengaluru, India",https://stackoverflow.com/jobs/325355
"PHP / Full stack developer Bangalore, India",DocOnline Health India Private Limited,"Bengaluru, India",https://stackoverflow.com/jobs/324766
Engineering Team Lead - help build top rated SaaS tools for medical researchers!,Castor,"Amsterdam, Netherlands",https://stackoverflow.com/jobs/403016
Front End Engineer,Bombora,"Reno, NV",https://stackoverflow.com/jobs/393670
Web Front-End Developer,SnippetBucket Technologies,"Ahmedabad, India",https://stackoverflow.com/jobs/324466
Senior PHP Developer,2basetechnologies,"Kochi, India",https://stackoverflow.com/jobs/323903
Php Developer,Infintor Solutions,"Kochi, India",https://stackoverflow.com/jobs/323812
Senior Back-end Engineer [ PHP ],ABCPQR,"Mumbai, India",https://stackoverflow.com/jobs/323760
"PHP / Full stack developer Hyderabad, India",DocOnline Health India Private Limited,"Hyderabad, India",https://stackoverflow.com/jobs/323515
Senior Laravel Developer,FLYING STARS INFORMATICS,"Hyderabad, India",https://stackoverflow.com/jobs/323513
PHP Developer,SibzSolutions,"Pune, India",https://stackoverflow.com/jobs/323068
FinTech Developer,OliBank,"Bogota, Colombia",https://stackoverflow.com/jobs/374850
Security Developer,OliBank,No office location,https://stackoverflow.com/jobs/374851
Senior Web Application Engineer,"Autify, Inc.","Tokyo, Japan",https://stackoverflow.com/jobs/374847
Senior Web Developer,Vilocity Interactive,"Phoenix, AZ",https://stackoverflow.com/jobs/403088
(Senior) Frontend Engineer (f/m/d),real.digital,"Köln, Deutschland",https://stackoverflow.com/jobs/403082
Front-end Cloud Development Engineer,Siemens AG,"Katowice, Poland",https://stackoverflow.com/jobs/387591
DevOps Engineer (Active TS SCI with Polygraph),APEX Expert Solutions,"Reston, VA",https://stackoverflow.com/jobs/390714
Senior JavaScript Engineer (Node/React) - Learn Serverless!,CazooviaTalent Point,"London, UK",https://stackoverflow.com/jobs/393526
Front End Developer,YouGov,"Warsaw, Poland",https://stackoverflow.com/jobs/322171
Software Engineer PHP (m/f/x),Lyke GmbH,"Hannover, Deutschland",https://stackoverflow.com/jobs/290531
Agile Produktentwicklung in Köln – Lerne Studitemps kennen,Studitemps,"Köln, Germany",https://stackoverflow.com/jobs/393251
IoTエンジニア,株式会社スマートショッピング,"Shinagawa City, Japan",https://stackoverflow.com/jobs/365883
SRE,株式会社スマートショッピング,"Shinagawa City, Japan",https://stackoverflow.com/jobs/365878
Full Stack Software Engineer (Vue.js & Django) (m/f/d),Limehome GmbH,"München, Germany",https://stackoverflow.com/jobs/238532
カスタマーサポート系システム開発エンジニア,合同会社DMM.com,"Kanazawa, Japan",https://stackoverflow.com/jobs/342608
PHP – Laravel Developer – Backend,CareerXperts,"Bengaluru, India",https://stackoverflow.com/jobs/374674
Senior Tech Specialist (m/f/d) - JS Fullstack,Motius GmbH,"München, Deutschland",https://stackoverflow.com/jobs/402749
PHP Developer,DG Design Studio,"Chennai, India",https://stackoverflow.com/jobs/402941
学生アルバイト/有給インターン,株式会社Phone Appli,"Minato City, Japan",https://stackoverflow.com/jobs/393408
Web Developer,Mindnotix,"Coimbatore, India",https://stackoverflow.com/jobs/324317
派遣/駅チカの綺麗なオフィス サーバーサイドエンジニア Linux,株式会社スタッフサービス　エンジニアガイド,"Shibuya City, Japan",https://stackoverflow.com/jobs/393102
ソフトウェアエンジニア(メディアグロース),type転職エージェント,"Shibuya City, Japan",https://stackoverflow.com/jobs/387492
Ruby/Railsエンジニア/システムインテグレータ・ソフトハウス,株式会社 ゼロフィールド,"Minato City, Japan",https://stackoverflow.com/jobs/402857
Pythonエンジニア/システムインテグレータ・ソフトハウス,株式会社 ゼロフィールド,"Minato City, Japan",https://stackoverflow.com/jobs/402856
プロダクトマネージャー/インターネット/Webサービス・ASP,株式会社 Relic,"Oita, Japan",https://stackoverflow.com/jobs/402841
システム開発エンジニア,Cloud9株式会社,"Chiyoda City, Japan",https://stackoverflow.com/jobs/402838
Rails/PHP エンジニア(京都・時短)/システムインテグレータ・ソフトハウス,株式会社 ブイ・クルーズ,"Kyoto, Japan",https://stackoverflow.com/jobs/402833
.Net Developer,We Write Code,"Des Moines, IA",https://stackoverflow.com/jobs/365652
Senior Front End Developer,Soul Machines Limited,"Auckland, New Zealand",https://stackoverflow.com/jobs/365637
Principal Software Engineer,Citizens Bank,"Boston, MA",https://stackoverflow.com/jobs/374590
Principal Architect,Citizens Bank,"Boston, MA",https://stackoverflow.com/jobs/374589
Product owner infrastructure et intégrations,Antidot,"Lambesc, France",https://stackoverflow.com/jobs/393285
Analyste Business du Pays H/F,IKEA,"Plaisir, France",https://stackoverflow.com/jobs/402748
C/C++ Developer (m/w/d),OC Development GmbH,"Prien am Chiemsee, Deutschland",https://stackoverflow.com/jobs/402708
Senior Full Stack Developer,Bark.com,"London, UK",https://stackoverflow.com/jobs/402736
Fullstack C# Developer / Fullstack C# Entwickler (m/w/d),SVA System Vertrieb Alexander GmbH,"Wiesbaden, Deutschland",https://stackoverflow.com/jobs/374557
Développeur-euse Fullstack (F/H/X),Doctolib,"Levallois-Perret, France",https://stackoverflow.com/jobs/402728
Senior Software Engineer (F/H/X),Doctolib,"Levallois-Perret, France",https://stackoverflow.com/jobs/396581
Backend Web Developer (m/w),Energie 360° AG,"Zürich, Switzerland",https://stackoverflow.com/jobs/402623
Full Stack Software Developer - IoT (w/m/d) 80-100%,Husqvarna (Schweiz) AG,"Zürich, Switzerland",https://stackoverflow.com/jobs/402621
Python Developer (m/w),yellowshark,"Zürich, Switzerland",https://stackoverflow.com/jobs/402591
Front - End Engineer,Amazon Web Services,"Arlington, VA",https://stackoverflow.com/jobs/381756
Senior AEM (Adobe Experience Manager) Engineer (m/w/d),N47 AG,"Zürich, Schweiz",https://stackoverflow.com/jobs/342034
Laravel - Backend Developer,Shiras HR Advisory & Services,"Bengaluru, India",https://stackoverflow.com/jobs/385163
PHP Developer,Simform,"Ahmedabad, India",https://stackoverflow.com/jobs/329591
Vues Js Developer,AddWeb Solution,"Ahmedabad, India",https://stackoverflow.com/jobs/385088
PHP Laravel Developer,WebClues Infotech,"Ahmedabad, India",https://stackoverflow.com/jobs/385084
Developer - PHP/ Laravel Framework,Smartway India Enterprises,"Coimbatore, India",https://stackoverflow.com/jobs/385054
医療(電子カルテ)フロントエンジニア(スクラムマスター候補),株式会社Donuts,"Shibuya City, Japan",https://stackoverflow.com/jobs/313277
フロントエンドエンジニア,株式会社メンバーズ,"Fukuoka, Japan",https://stackoverflow.com/jobs/352245
ポテンシャル採用エンジニア,株式会社インディバル,"Chiyoda City, Japan",https://stackoverflow.com/jobs/384996
コールセンターシステム開発(Java・Javascript),株式会社アイソル,"Toshima City, Japan",https://stackoverflow.com/jobs/384980
"時給3,000円 golang/バックエンドエンジニア",株式会社エーティーエス,"Minato City, Japan",https://stackoverflow.com/jobs/384879
Laravel Developer,Designoweb Technologies,"Noida, India",https://stackoverflow.com/jobs/402528
Laravel Developer,Xenottabyte Services Pvt. Ltd. (Vert Age),"Noida, India",https://stackoverflow.com/jobs/402522
Full Stack Developer,Greenerace Technologies Private Limited,"Noida, India",https://stackoverflow.com/jobs/402515
Full Stack Developer - Laravel | Node | Angular,Vipra Business Consulting Services (P) Ltd.,"Noida, India",https://stackoverflow.com/jobs/402511
Php developer,MNR Solutions Private Limited,"Noida, India",https://stackoverflow.com/jobs/399040
java full stack Developer,Taggd,"Hyderabad, India",https://stackoverflow.com/jobs/388057
"Laravel Developer (Laravel Framework, HTML5, PHP, MySQL, VueJs)",Sedulous,"Ahmedabad, India",https://stackoverflow.com/jobs/365222
2021 新卒採用 インターネット関連 、 広告、情報処理,株式会社おいかぜ,"Kyoto, Japan",https://stackoverflow.com/jobs/402417
サービスアーキテクト,LINE株式会社,"Shinjuku City, Japan",https://stackoverflow.com/jobs/327628
Webコーダー 制作会社で大手クライアント受託 HTML JavaScript,株式会社フェローズ,"Morioka, Japan",https://stackoverflow.com/jobs/383689
リアルタイム通信サーバーサイドエンジニアを募集!,カディンチェ株式会社,"Shinagawa City, Japan",https://stackoverflow.com/jobs/402388
ECサイト　フロントエンドエンジニア,アスクル株式会社,"Koto City, Japan",https://stackoverflow.com/jobs/385809
WEBエンジニア,株式会社エキスパートスタッフ,"Chuo City, Japan",https://stackoverflow.com/jobs/402373
フロントエンドエンジニア,株式会社うるる,"Chuo City, Japan",https://stackoverflow.com/jobs/402369
フロントエンドエンジニア,株式会社Gizumo,"Shibuya City, Japan",https://stackoverflow.com/jobs/402368
フロントエンドエンジニア,株式会社ヤプリ,"Minato City, Japan",https://stackoverflow.com/jobs/402358
フロントエンドエンジニア,SBヒューマンキャピタル株式会社,"Chuo City, Japan",https://stackoverflow.com/jobs/402352
フロントエンドエンジニア,パーソルキャリア株式会社,"Chiyoda City, Japan",https://stackoverflow.com/jobs/402351
WEB系　開発エンジニア　※客先常駐,type転職エージェント,"Toshima City, Japan",https://stackoverflow.com/jobs/402298
リードフロントエンドエンジニア(フロント領域における開発環境設計・構築、サービス開発),株式会社クーリエ,"Oita, Japan",https://stackoverflow.com/jobs/402296
Webアプリケーションエンジニア,type転職エージェント,"Setagaya City, Japan",https://stackoverflow.com/jobs/402294
WEB系　開発エンジニア,type転職エージェント,"Toshima City, Japan",https://stackoverflow.com/jobs/318468
Webディレクター/Webデザイナー/Webコーダー,株式会社アルス・ノヴァ,"Chiyoda City, Japan",https://stackoverflow.com/jobs/402290
フロントエンドエンジニア,株式会社イマジカデジタルスケープ,"Chuo City, Japan",https://stackoverflow.com/jobs/402283
【正社員】注目の上場企業でサーバーサイドエンジニア・年収400~600万円,株式会社サークルネット,"Osaka, Japan",https://stackoverflow.com/jobs/402236
WebFrontedエンジニア(21年度卒),Chatwork株式会社,"Osaka, Japan",https://stackoverflow.com/jobs/402235
SE,株式会社Apex,"Oita, Japan",https://stackoverflow.com/jobs/399833
保守運用 テーマパークECサイト オフィスソフト,株式会社フェローズ,"Ogawa, Japan",https://stackoverflow.com/jobs/381596
[急募] ≪東京 年収600万円↑≫ウェアラブル系サーバーエンジニア,株式会社マイナビワークス(マイナビスタッフ),"Chiyoda City, Japan",https://stackoverflow.com/jobs/398275
【インターンシップ】 エンジニア/プログラマー,株式会社MFS,"Oita, Japan",https://stackoverflow.com/jobs/402189
エンジニア,株式会社フォースリー,"Meguro City, Japan",https://stackoverflow.com/jobs/402188
SE,株式会社ROXX,"Minato City, Japan",https://stackoverflow.com/jobs/398260
電子チケット販売システムの開発(JavaScript),株式会社アイソル,"Chuo City, Japan",https://stackoverflow.com/jobs/384979
派遣/朝はゆっくり10時出社 WEBシステム開発@秋葉原 PHP,株式会社スタッフサービス　エンジニアガイド,"Chiyoda City, Japan",https://stackoverflow.com/jobs/402163
フロントエンドエンジニア|月給24~46万円|想定年収310~600万円|本町|62818|担当:小野,"転職支援インター・スクエアー,Inc.","Osaka, Japan",https://stackoverflow.com/jobs/402135
【東京】フロントエンドエンジニア/自社サービス,SBヒューマンキャピタル株式会社,"Minato City, Japan",https://stackoverflow.com/jobs/402133
フロントエンドエンジニア,SBヒューマンキャピタル株式会社,"Chuo City, Japan",https://stackoverflow.com/jobs/402132
スマホアプリエンジニア_事業支援部,SBヒューマンキャピタル株式会社,"Minato City, Japan",https://stackoverflow.com/jobs/402129
Javascript Developer (Vue.js / Node.js),Lucky Orange LLC,"Overland Park, KS",https://stackoverflow.com/jobs/374387
バックエンドエンジニア　/　AIベンチャー,クライス&カンパニー,"Bunkyo City, Japan",https://stackoverflow.com/jobs/402128
エンジニア/リーダー,ビッグローブ株式会社,"Shinagawa City, Japan",https://stackoverflow.com/jobs/328689
PHPエンジニア(大阪)/システムインテグレータ・ソフトハウス,株式会社 ロジカルスタジオ,"Osaka, Japan",https://stackoverflow.com/jobs/402098
プログラマ,株式会社ヴァンガードテクノロジー,"Shibuya City, Japan",https://stackoverflow.com/jobs/402070
バックエンドエンジニア/インターネット/Webサービス・ASP,OLTA 株式会社,"Minato City, Japan",https://stackoverflow.com/jobs/401939
エンジニア,Spready株式会社,"Shibuya City, Japan",https://stackoverflow.com/jobs/376026
フロントエンドエンジニア,アイレット株式会社,"Minato City, Japan",https://stackoverflow.com/jobs/319783
Software Engineer in Test/インターネット/Webサービス・ASP,BHI 株式会社,"Shibuya City, Japan",https://stackoverflow.com/jobs/401865
フロントエンジニア【沖縄オフィス立ち上げ決定!立ち上げメンバー募集】,CBcloud株式会社,"Naha, Japan",https://stackoverflow.com/jobs/375520
Senior Frontend Engineer,Loadsmile,"Surry Hills, Australia",https://stackoverflow.com/jobs/401723
Full Stack Software Engineer,Idea Evolver,"Philadelphia, PA",https://stackoverflow.com/jobs/401824
Full Stack Software Engineer,Idea Evolver,"Brooklyn, NY",https://stackoverflow.com/jobs/401823
Front End Software Engineer,Idea Evolver,"Brooklyn, NY",https://stackoverflow.com/jobs/401822
Front End Software Engineer,Idea Evolver,"Philadelphia, PA",https://stackoverflow.com/jobs/401821
Senior Software Engineer - Front End,Medsphere,No office location,https://stackoverflow.com/jobs/401820
Full Stack Engineer (React Native / Python),Modus Create,No office location,https://stackoverflow.com/jobs/401813
Lead Full Stack Developer,Creative Mines,"Hancock, MI",https://stackoverflow.com/jobs/401809
Full Stack Developer,Creative Mines,"Hancock, MI",https://stackoverflow.com/jobs/401807
Senior Software Engineer,Indeed,"Austin, TX",https://stackoverflow.com/jobs/401791
Senior Full Stack Software Developer,EnginZyme,"Stockholm, Sweden",https://stackoverflow.com/jobs/401784
Software Developer*,3AP AG,"Beograd, Serbia",https://stackoverflow.com/jobs/237521
"Manager, Software Development",DATALINK SOFTWARE,"Tampa, FL",https://stackoverflow.com/jobs/394893
Développeur Web,Agfa HealthCare,"Poitiers, France",https://stackoverflow.com/jobs/365066
Senior Software Engineer,LINQ,No office location,https://stackoverflow.com/jobs/401765
JavaScript Engineer for our ecommerce storefront  (f/m/d),ePages GmbH,"Hamburg, Germany",https://stackoverflow.com/jobs/123431
Frontend Engineer,PayPay Corporation.,"Minato City, Japan",https://stackoverflow.com/jobs/292635
PHP Full Stack Developer Junior/Senior,LeasingMarkt.de GmbH,"Düsseldorf, Deutschland",https://stackoverflow.com/jobs/321226
Senior Fullstack Developer - Java / Kotlin / Javascript,teckro,"Dublin 2, Ireland",https://stackoverflow.com/jobs/401733
Senior Frontend Developer,VMRay,"Bochum, Deutschland",https://stackoverflow.com/jobs/401729
Full Stack PHP Web Developer,Outreach Inc,"Colorado Springs, CO",https://stackoverflow.com/jobs/364886
JavaScript Developer (m/w/x) Portal-Entwicklung,meinestadt.de GmbH,"Köln, Germany",https://stackoverflow.com/jobs/247475
マークアップエンジニア,株式会社MONSTER DIVE,"Minato City, Japan",https://stackoverflow.com/jobs/384664
Webフロントエンジニア,クラスメソッド株式会社,"Chiyoda City, Japan",https://stackoverflow.com/jobs/384661
アプリケーション開発エンジニア,株式会社ゴーリスト,"Chiyoda City, Japan",https://stackoverflow.com/jobs/384660
フロントエンドエンジニア,Fabeee株式会社,"Chiyoda City, Japan",https://stackoverflow.com/jobs/384659
サーバーサイドエンジニア / LINEモバイル,LINE株式会社,"Shinjuku City, Japan",https://stackoverflow.com/jobs/364874
DevOpsエンジニア(開発運用スタッフ)/若手層~シニア層まで幅広く複数名募集,type転職エージェント,"Minato City, Japan",https://stackoverflow.com/jobs/321011
UI Front End Developer,Netedge Technology,"Ahmedabad, India",https://stackoverflow.com/jobs/401709
PHP Developer,Topnotch Groups,"Ahmedabad, India",https://stackoverflow.com/jobs/401676
Front End Developer,Synergy Pathways,"Pune, India",https://stackoverflow.com/jobs/377695
Webエンジニア,株式会社エヌ・ティー・エス,"Toshima City, Japan",https://stackoverflow.com/jobs/401640
サーバーサイドエンジニア(ブロックチェーン事業部),type転職エージェント,"Minato City, Japan",https://stackoverflow.com/jobs/401627
ソフトウェアエンジニア,エムスリー株式会社,"Minato City, Japan",https://stackoverflow.com/jobs/310003
【アプリケーションエンジニア】東証マザーズ上場IT企業の増員による求人情報,株式会社ユーザベース,"Minato City, Japan",https://stackoverflow.com/jobs/401601
Webアプリケーションエンジニア,株式会社ネクストビート,"Oita, Japan",https://stackoverflow.com/jobs/401598
フロントエンドエンジニア,CROOZ EC Partners株式会社,"Shinagawa City, Japan",https://stackoverflow.com/jobs/401593
サーバーサイドエンジニア,CROOZ EC Partners株式会社,"Shinagawa City, Japan",https://stackoverflow.com/jobs/401591
バックエンドエンジニア,スタートバーン株式会社,"Bunkyo City, Japan",https://stackoverflow.com/jobs/401570
フルリモート_WEBアプリエンジニア,株式会社ZAICO,"Yonezawa, Japan",https://stackoverflow.com/jobs/392967
Frontend Developer e-Commerce (f/m/d),LILLYDOO GmbH,"Frankfurt am Main, Germany",https://stackoverflow.com/jobs/240569
Railsエンジニア/インターネット/Webサービス・ASP,株式会社 クリプラ,"Shinjuku City, Japan",https://stackoverflow.com/jobs/401559
Hiring Engineers for developing electronic medical recording system for vet,Pyxos Inc(ピクオス株式会社),"Minato City, Japan",https://stackoverflow.com/jobs/376081
SE 正社員 WEB面接OK 東京駅丸の内 フロントエンドエンジニア(Ruby on Rails Vue.js),株式会社ビーネックスソリューションズ,"Tokyo, Japan",https://stackoverflow.com/jobs/401552
SE,株式会社Apex,"Oita, Japan",https://stackoverflow.com/jobs/388448
スマートフォンアプリエンジニア[iOS/Android](常駐),株式会社メンバーズ 常駐型デジタルプロフェッショナルサービス,"Shinagawa City, Japan",https://stackoverflow.com/jobs/359949
システムエンジニア,株式会社スマートバリュー,"Chuo City, Japan",https://stackoverflow.com/jobs/389651
Web開発エンジニア,KIYOラーニング株式会社,"Chiyoda City, Japan",https://stackoverflow.com/jobs/401518
エンジニアリングマネージャー,SBヒューマンキャピタル株式会社,"Minato City, Japan",https://stackoverflow.com/jobs/401516
【フルスタックエンジニア(大規模Webサービス)】株式会社ビットエー<五反田駅徒歩5分×残業少>,株式会社ヴィジョナリー,"Shinagawa City, Japan",https://stackoverflow.com/jobs/401473
FinTech Developer,OliBank,No office location,https://stackoverflow.com/jobs/384443
WEB-DEVELOPER/IN,dataformers GmbH,"Linz, Österreich",https://stackoverflow.com/jobs/320844
(Senior) Frontend Entwickler (m/w/d),COSNOVA GMBHviaHays plc,"Frankfurt am Main, Deutschland",https://stackoverflow.com/jobs/374102
Senior Frontend Software Engineer,Kaia Health Software GmbH,"München, Germany",https://stackoverflow.com/jobs/393091
"Senior .NET Core, Blazor and Azure Developer","Stepquest, Inc.",No office location,https://stackoverflow.com/jobs/401384
.NET Developer,Typeqast,"Zagreb, Croatia",https://stackoverflow.com/jobs/336340
フロントエンドエンジニア/テックリード(東京勤務),株式会社クラッソーネ,"Chiyoda City, Japan",https://stackoverflow.com/jobs/393080
バックエンドエンジニア,GROOVEX株式会社,"中央区, Japan",https://stackoverflow.com/jobs/393078
Webエンジニア,株式会社 グランネット,"Osaka, Japan",https://stackoverflow.com/jobs/393060
Full stack developer,Massive Entertainment - A Ubisoft Studio,"Malmö, Sweden",https://stackoverflow.com/jobs/351634
(Senior) Software Engineer Backend/ Branche Banking,msg systems ag,"München, Deutschland",https://stackoverflow.com/jobs/384345
Java開発エンジニア(メンバー/リーダー),株式会社デジタルフォルン,"Chiyoda City, Japan",https://stackoverflow.com/jobs/393032
Tech Lead in a Danish Web app Department,Peytz & Co A/S,"Copenhagen, Denmark",https://stackoverflow.com/jobs/401362
JavaScript (React / Vue.js) Dev to build beautiful entertainment applications,Eve.io,"München, Germany",https://stackoverflow.com/jobs/381682
Senior Front-end Developer,AdsWizz,"Bucharest, Romania",https://stackoverflow.com/jobs/401357
Senior PHP Developer (m/f/d),GPORTAL,"München, Deutschland",https://stackoverflow.com/jobs/393017
Full Stack Software Developer - IoT (w/m/d) 80-100%,Husqvarna Schweiz AG,"Zürich, Schweiz",https://stackoverflow.com/jobs/401351
浜松町 総合予約サイト 機能拡張・運用等 PL,株式会社ビーネックスソリューションズ,"Minato City, Japan",https://stackoverflow.com/jobs/393016
業務アプリエンジニア(C#/JavaScript/SQL),SBヒューマンキャピタル株式会社,"Minato City, Japan",https://stackoverflow.com/jobs/401348
Developer / Programmer,Web Service Delhi,"New Delhi, India",https://stackoverflow.com/jobs/384287
エンジニア,株式会社セレス,"Setagaya City, Japan",https://stackoverflow.com/jobs/318453
webエンジニア,アクシスモーション株式会社,"Chiyoda City, Japan",https://stackoverflow.com/jobs/318253
フロントエンドエンジニア,株式会社ゆめみ,"Kyoto, Japan",https://stackoverflow.com/jobs/364678
SE,type転職エージェント,"Chiyoda City, Japan",https://stackoverflow.com/jobs/310052
FEエンジニア・アルバイト(東京・CS),株式会社オロ,"Meguro City, Japan",https://stackoverflow.com/jobs/340581
リード・フロントエンドエンジニア,株式会社ゆめみ,"Setagaya City, Japan",https://stackoverflow.com/jobs/364631
フロントエンジニア,株式会社インファクト,"Muko, Japan",https://stackoverflow.com/jobs/340356
BtoC向けWebサービス開発(Vue・React),株式会社アイソル,"Tokyo, Japan",https://stackoverflow.com/jobs/332493
保育園完備 子連れ出勤OK 【ママエンジニア募集】ブランクありでもOK,チアーマザーズ株式会社,"Taito City, Japan",https://stackoverflow.com/jobs/340186
Tech Lead,エムスリー株式会社,"Minato City, Japan",https://stackoverflow.com/jobs/340162
PHP Developer (Laravel),Rediflex Consultiing Private Ltd,"Noida, India",https://stackoverflow.com/jobs/401303
【キャリア】ヤバいフロントエンドエンジニア,株式会社ISAO,"Taito City, Japan",https://stackoverflow.com/jobs/384150
Full Stack Developer,Reddensoft Infotech Private Limited,"Kolkata, India",https://stackoverflow.com/jobs/395369
Full Stack Developer,Codelogicx Technologies Pvt Ltd,"Kolkata, India",https://stackoverflow.com/jobs/401294
"Fresher – Software Developer (PHP/MySQL, eCommerce, WordPress)",Triple One Group,"Noida, India",https://stackoverflow.com/jobs/401283
Senior Web Developer,Izzardtech Solutions Pvt. Ltd.,"Surat, India",https://stackoverflow.com/jobs/401277
Front End Web Developer,Izzardtech Solutions Pvt. Ltd.,"Surat, India",https://stackoverflow.com/jobs/401276
Full Stack Developer/ Engineer,MNR Solutions Private Limited,"Hyderabad, India",https://stackoverflow.com/jobs/395225
Solutions Architect,One Connect,Singapore,https://stackoverflow.com/jobs/401268
Full Stack Nuxt JS Developer,Nacelle,No office location,https://stackoverflow.com/jobs/384138
Full Stack Developer (with front-end inclinations),Discovery Inc.,"Sterling, VA",https://stackoverflow.com/jobs/401079
Full-Stack Developer - Core Engineering Team (f/m/d),Receeve GmbH,"Hamburg, Germany",https://stackoverflow.com/jobs/351277
Backend Engineer – Core Engineering Team (f/m/d/),Receeve GmbH,"Hamburg, Germany",https://stackoverflow.com/jobs/351274
エンジニア,株式会社Rights,"Oita, Japan",https://stackoverflow.com/jobs/392960
Senior Ruby on Rails Developers (m/f/d),DataGuard,"München, Germany",https://stackoverflow.com/jobs/331663
Senior Fullstack Developer (f/m/d),Greentube Internet Entertainment Solutions GmbH,"Wien, Austria",https://stackoverflow.com/jobs/383799
最先端SaaSプロダクトのシステム保守運用エンジニア,ランスタッド株式会社,"Fukuoka, Japan",https://stackoverflow.com/jobs/387996
Vue.js Developer,Green Web Media,"Noida, India",https://stackoverflow.com/jobs/383772
Vue.js Developer,Green Byte Web,"Noida, India",https://stackoverflow.com/jobs/383771
Urgent opening for Laravel Developer,Appinfini Technologies Private Limited,"Noida, India",https://stackoverflow.com/jobs/383727
Urgent Openings for Java Developer,IMNZU Technologies,"Hyderabad, India",https://stackoverflow.com/jobs/373754
出前館システム開発エンジニア[リーダー],株式会社出前館,"Tokyo, Japan",https://stackoverflow.com/jobs/339589
Webエンジニア,株式会社ダトラ,"大阪市, Japan",https://stackoverflow.com/jobs/383632
Sr. Software Engineer – Node JS /Java Developer,Atmecs,"Hyderabad, India",https://stackoverflow.com/jobs/397951
Php Developers,Trinitymascot Consultancy Services,"Kochi, India",https://stackoverflow.com/jobs/339376
Full-Stack Software Engineer,FactSet,"Austin, TX",https://stackoverflow.com/jobs/350964
Staff Web Developer,SimpliSafe,"Boston, MA",https://stackoverflow.com/jobs/350954
Lawinensprengen am Smartphone (DevOps Engineer),Wyssen Seilbahnen AG,"Reichenbach im Kandertal, Schweiz",https://stackoverflow.com/jobs/344197
Werkstudent Aviation (m/w/d),ISO-Gruppe,"Nürnberg, Deutschland",https://stackoverflow.com/jobs/350870
Lead Frontend Engineer,Web Summit,"Dublin, Ireland",https://stackoverflow.com/jobs/289346
Full Stack Entwickler - Front-End und funktionale Programmierung (m/w/d),AKRA GmbH,"Hamburg, Germany",https://stackoverflow.com/jobs/392756
Full stack developer,Online Partner AB,"Hägersten, Sweden",https://stackoverflow.com/jobs/339146
Senior Frontend Engineer (m/w/d),grandcentrix GmbH,"Köln, Deutschland",https://stackoverflow.com/jobs/383558
Agiler Java Fullstack Entwickler (m/w/d) – Weinheim nähe Frankfurt,objective partner AG,"Weinheim, Deutschland",https://stackoverflow.com/jobs/383556
Full Stack -  more than 3-year Experience,Mazars,"Courbevoie, France",https://stackoverflow.com/jobs/282831
Senior Front-end Developer,Discovery Inc.,"Sterling, VA",https://stackoverflow.com/jobs/400835
システム・コンサルタント,株式会社エム・エー・ディー,"Chuo City, Japan",https://stackoverflow.com/jobs/392693
プロダクトエンジニア,株式会社インター・ビュー,"Taito City, Japan",https://stackoverflow.com/jobs/401067
リードエンジニア(フロントエンド),株式会社node,"Minato City, Japan",https://stackoverflow.com/jobs/401064
webプログラマー(javascript、PHP等)【札幌勤務、残業少、ブランク有歓迎!】,株式会社コルサント,"Sapporo, Japan",https://stackoverflow.com/jobs/392641
【インターンシップ】 技術職向け春のシップ,ピクシブ株式会社,"Shibuya City, Japan",https://stackoverflow.com/jobs/350616
SE,ピーティーエス・コンサルティング・ジャパン株式会社,"Shinjuku City, Japan",https://stackoverflow.com/jobs/309022
Senior PHP(Laravel) Developer,Karitva Software Solutions,"Bengaluru, India",https://stackoverflow.com/jobs/330494
プロダクト開発/スクラムマスター,株式会社Phone Appli,"Minato City, Japan",https://stackoverflow.com/jobs/363865
データエンジニア,type転職エージェント,"Shinjuku City, Japan",https://stackoverflow.com/jobs/350663
社内SE,株式会社 トレジャー・ファクトリー,"Chiyoda City, Japan",https://stackoverflow.com/jobs/320034
Webアプリエンジニア,アイレット株式会社,"Minato City, Japan",https://stackoverflow.com/jobs/319824
社内向けWebシステム開発エンジニア,アイレット株式会社,"Osaka, Japan",https://stackoverflow.com/jobs/319810
アプリケーションエンジニア,アイレット株式会社,"Osaka, Japan",https://stackoverflow.com/jobs/319803
フロントエンドエンジニア【Vue.js経験者歓迎】,株式会社ジオロジック,"Shibuya City, Japan",https://stackoverflow.com/jobs/338589
Webアプリエンジニア,株式会社ミナケア,"Oita, Japan",https://stackoverflow.com/jobs/309610
PHP Developer (Night shift),reknown organization,"Ahmedabad, India",https://stackoverflow.com/jobs/400899
PHP Laravel Developer,Techvoot Solutions,"Ahmedabad, India",https://stackoverflow.com/jobs/400898
Full Stack Developer,Inception Labs,"Chennai, India",https://stackoverflow.com/jobs/400885
Full Stack Developer,Amity Infosoft Pvt. Ltd.,"Surat, India",https://stackoverflow.com/jobs/400862
Sr. PHP Developer,Technotech India,"Surat, India",https://stackoverflow.com/jobs/400860
Senior Product Software Engineer,Wolters Kluwer,"Tampa, FL",https://stackoverflow.com/jobs/363673
Full stack Rails developer (n): Superhero poised to change the world,Simplero,"New York, NY",https://stackoverflow.com/jobs/400791
Backend Engineer (Python),Modus Create,No office location,https://stackoverflow.com/jobs/400790
PHP Developer,CM.com,"Breda, Netherlands",https://stackoverflow.com/jobs/363618
Modern .Net Core Senior Engineer,dunnhumby Ltd.,"London, UK",https://stackoverflow.com/jobs/206288
"Frontend Developer (w/m/x), 80-100%",dreipol,"Zürich, Schweiz",https://stackoverflow.com/jobs/400706
海外進出を加速している企業にてシステム開発,ランスタッド株式会社,"Koto City, Japan",https://stackoverflow.com/jobs/319442
《大阪自社勤務》開発エンジニア　/動画共有サービスの開発,インフォームシステム株式会社,"Osaka, Japan",https://stackoverflow.com/jobs/319436
プロジェクトマネージャー,データスタジアム株式会社,"Minato City, Japan",https://stackoverflow.com/jobs/318666
エンジニア(ジェネラル),日本タタ・コンサルタンシー・サービシズ株式会社,"Minato City, Japan",https://stackoverflow.com/jobs/318661
マークアップエンジニア (WEBコーダー),株式会社アイデアランプ,"Shibuya City, Japan",https://stackoverflow.com/jobs/318657
アプリ開発・運用・改善,株式会社エーティーエス,"Setagaya City, Japan",https://stackoverflow.com/jobs/318644
Webエンジニア(メディア事業),株式会社アイスタイル,"Minato City, Japan",https://stackoverflow.com/jobs/318533
アプリエンジニア,ピーシーフェーズ株式会社,"Shibuya City, Japan",https://stackoverflow.com/jobs/318502
Webアプリケーションエンジニア,エムスリーキャリア株式会社,"Minato City, Japan",https://stackoverflow.com/jobs/318082
Webエンジニア,シアトルコンサルティング株式会社,"Minato City, Japan",https://stackoverflow.com/jobs/317908
ソフトウェアエンジニア,株式会社ビズリーチ,"Shibuya City, Japan",https://stackoverflow.com/jobs/317804
サーバーサイド・Webアプリケーションエンジニア,ピーシーフェーズ株式会社,"Shibuya City, Japan",https://stackoverflow.com/jobs/317638
バスケットボール向けシステム担当のエンジニア,データスタジアム株式会社,"Minato City, Japan",https://stackoverflow.com/jobs/317534
開発エンジニア(スポーツチーム向けサービス),データスタジアム株式会社,"Minato City, Japan",https://stackoverflow.com/jobs/317533
フロントエンドエンジニア,シアトルコンサルティング株式会社,"Minato City, Japan",https://stackoverflow.com/jobs/317398
フロントエンドエンジニア,合同会社DMM.com,"Minato City, Japan",https://stackoverflow.com/jobs/317391
Frontend Web-Developer (m/w/d),rooom AG,"Jena, Deutschland",https://stackoverflow.com/jobs/392579
プログラマ,株式会社シンクラフト,"Shibuya City, Japan",https://stackoverflow.com/jobs/392568
Senior Frontend Developer (w/m/d),brandung GmbH & Co. KG,"Berlin, Deutschland",https://stackoverflow.com/jobs/363498
グローバル空調IoTプラットフォーム開発,ダイキン工業株式会社 本社江坂ビル,"Suita, Japan",https://stackoverflow.com/jobs/392531
システムエンジニア,株式会社1UP,"Kobe, Japan",https://stackoverflow.com/jobs/392519
Senior UI/UX Engineer,FactSet,"Frankfurt, Germany",https://stackoverflow.com/jobs/391972
"Frontend Developer interested in React, Vue or Svelte",5 Monkeys Agency AB,"Stockholm, Sweden",https://stackoverflow.com/jobs/350287
Full Stack Developer,ABOUT YOU GmbH,"Hamburg, Deutschland",https://stackoverflow.com/jobs/355747
"Frontend Developer interested in React, Vue or Svelte",5 Monkeys Agency AB,"Göteborg, Sweden",https://stackoverflow.com/jobs/350284
Senior Full Stack Developer,Insider,"Kâğıthane, Turkey",https://stackoverflow.com/jobs/362698
Full Stack Engineer,SpotMe,No office location,https://stackoverflow.com/jobs/114053
Fullstack Developer,Push & Pull Services,"Mumbai, India",https://stackoverflow.com/jobs/338698
開発エンジニア,SORABITO株式会社,"Chuo City, Japan",https://stackoverflow.com/jobs/400585
フロントエンドエンジニア,クーコム株式会社,"Shibuya City, Japan",https://stackoverflow.com/jobs/400584
Webアプリケーションエンジニア/フロントエンド中心,株式会社N2i(エヌツーアイ),"Chiyoda City, Japan",https://stackoverflow.com/jobs/317745
システムエンジニア,株式会社テクトレージ,"Yokohama, Japan",https://stackoverflow.com/jobs/400583
SE(ビジネスアプリケーション系),パーソル パナソニック HRパートナーズ株式会社 テクニカル事業本部,"Osaka, Japan",https://stackoverflow.com/jobs/400582
iOSアプリエンジニア(SwiftUI・Swift-GraphQLでアプリ開発ができるようになりたい人募集!),株式会社メイツ,"Shinjuku City, Japan",https://stackoverflow.com/jobs/400578
新卒採用 エンジニア,株式会社セレス,"Setagaya City, Japan",https://stackoverflow.com/jobs/350679
サーバーサイドエンジニア,株式会社チェンジ,"Minato City, Japan",https://stackoverflow.com/jobs/400563
フロントエンドエンジニア,キャディ株式会社,"Taito City, Japan",https://stackoverflow.com/jobs/400561
フロントエンドエンジニア/アシスタントマネージャー,株式会社ラクス,"Shibuya City, Japan",https://stackoverflow.com/jobs/400557
フロントエンドエンジニア,株式会社ラクス,"Shibuya City, Japan",https://stackoverflow.com/jobs/400556
動画配信システムの開発(React/Node.js),株式会社キャリアデザインITパートナーズ,"Shibuya City, Japan",https://stackoverflow.com/jobs/400552
サービスを成長させるためのフルスタックエンジニア募集,DOC株式会社,"千代田区, Japan",https://stackoverflow.com/jobs/400537
Frontend Engineer,"GridUnity, Inc","Boston, MA",https://stackoverflow.com/jobs/400405
Full Stack Engineer,"GridUnity, Inc","Boston, MA",https://stackoverflow.com/jobs/400404
フロントエンドエンジニア(AngularJS 、React、Vue.js),MF KESSAI株式会社,"Chiyoda City, Japan",https://stackoverflow.com/jobs/338587
Senior Web Developer,LearNow-IDTCS Private Limited,"Bengaluru, India",https://stackoverflow.com/jobs/392291
開発リーダー,株式会社キュービック,"Shinjuku City, Japan",https://stackoverflow.com/jobs/363321
Team Lead PHP(Laravel),Karitva Software Solutions,"Bengaluru, India",https://stackoverflow.com/jobs/330436
Frontend Developer,Weblink Solutions,"Hyderabad, India",https://stackoverflow.com/jobs/326729
Senior Front End Developer,Orchard Marketing,"Pyrmont, Australia",https://stackoverflow.com/jobs/362978
Software Developer- Fresher Only,Waves Techno Vision LLP,"Mumbai, India",https://stackoverflow.com/jobs/400313
Java/Front End Developer,Institutional Shareholder Services Inc,"Mumbai, India",https://stackoverflow.com/jobs/366877
Full Stack Developer - Java Script,Richpanel,"Mumbai, India",https://stackoverflow.com/jobs/400273
Lead Engineer - UI,Gainsight,"Hyderabad, India",https://stackoverflow.com/jobs/400240
JUNIOR SOFTWARE DEVELOPER,Negits,"Chennai, India",https://stackoverflow.com/jobs/382893
Engineering Manager - eCommerce Platform,"Yum! Brands, Inc.","Chicago, IL",https://stackoverflow.com/jobs/391993
Lead Software Engineer - Join our growing team of 30+ developers,Tails.com,"Richmond, UK",https://stackoverflow.com/jobs/391983
(Senior) Fullstack Software Engineer (f/m) 80-100%,Tamedia,"Zürich, Switzerland",https://stackoverflow.com/jobs/400109
Web-Entwickler/in 80-100 %,GS1 Schweiz,"Bern, Switzerland",https://stackoverflow.com/jobs/400107
Full Stack Engineer,YouGov,No office location,https://stackoverflow.com/jobs/400096
Sr Front End Developer (Angular / React),HaysviaHays plc,"Orlando, FL",https://stackoverflow.com/jobs/373234
Senior Full Stack Developer,Dyson,"Bristol, UK",https://stackoverflow.com/jobs/363120
"時給3,300円 C#/即日/ウェアラブル医療機器の開発",株式会社エーティーエス,"Tachikawa, Japan",https://stackoverflow.com/jobs/391914
データ分析エンジニア,パーソルキャリア株式会社,"Chiyoda City, Japan",https://stackoverflow.com/jobs/365843
Fullstack Developer,best it GmbH & Co. KG,"Siegburg, Deutschland",https://stackoverflow.com/jobs/373200
Fullstack Developer,best it GmbH & Co. KG,"Siegburg, Deutschland",https://stackoverflow.com/jobs/373199
【バイト】フロントエンド経験者歓迎!バックエンドエンジニア(実務未経験OK),株式会社メイツ,"Shinjuku City, Japan",https://stackoverflow.com/jobs/391841
Experienced Laravel Developer,Webgen Technologies Pvt Ltd.,"Kolkata, India",https://stackoverflow.com/jobs/400035
Frontend Developer,Global Scale Solutions GmbH,"München, Germany",https://stackoverflow.com/jobs/287543
Integration Developer - .Net,Orchard Marketing,"Pyrmont, Australia",https://stackoverflow.com/jobs/362979
Senior Front End UI Developer,"OpsRamp, Inc.","Hyderabad, India",https://stackoverflow.com/jobs/322768
リードエンジニア(大阪勤務),シアトルコンサルティング株式会社,"Osaka, Japan",https://stackoverflow.com/jobs/316243
開発エンジニア,株式会社プライムスタイル,"Bunkyo City, Japan",https://stackoverflow.com/jobs/399964
"システム開発(Web・オープン系,汎用系)",パーソル パナソニック HRパートナーズ株式会社,"Osaka, Japan",https://stackoverflow.com/jobs/399954
Hackers wanted-Looking for a Senior Developer (m/f/d) with Team Lead Experience!,freiheit.com technologies gmbh,"Hamburg, Deutschland",https://stackoverflow.com/jobs/91520
SE,株式会社ビジュアルリサーチ,"Yokohama, Japan",https://stackoverflow.com/jobs/399943
JavaScript/顧客、案件管理システム開発,株式会社ブレーンネット,"Chuo City, Japan",https://stackoverflow.com/jobs/387105
大手 7月/JavaScript/新聞社向け編成システム開発,株式会社エーティーエス,"Minato City, Japan",https://stackoverflow.com/jobs/399884
システムエンジニア,株式会社ロンバード,"Shinagawa City, Japan",https://stackoverflow.com/jobs/399813
Webエンジニア,株式会社ベイストリーム,"Yokohama, Japan",https://stackoverflow.com/jobs/399812
フロントエンドエンジニア,ユニオンテック株式会社,"Shinjuku City, Japan",https://stackoverflow.com/jobs/382974
Java開発エンジニアリード,パーソルキャリア株式会社,"Tokyo, Japan",https://stackoverflow.com/jobs/317068
マーケティングサービス開発,株式会社エーティーエス,"Shibuya City, Japan",https://stackoverflow.com/jobs/349697
【インターンシップ】WEB,弁護士ドットコム株式会社,"Minato City, Japan",https://stackoverflow.com/jobs/340704
社内SE,株式会社10ANTZ,"Shibuya City, Japan",https://stackoverflow.com/jobs/362821
テクノロジー×飲食店|モバイルオーダーサービスのバックエンドエンジニア,株式会社Showcase Gig,"Minato City, Japan",https://stackoverflow.com/jobs/362801
SETエンジニア,株式会社Showcase Gig,"Minato City, Japan",https://stackoverflow.com/jobs/362790
Senior PHP Developer,Software Cubes,"Chennai, India",https://stackoverflow.com/jobs/382858
Full Stack Developer (Data Focus),"Sands Capital Management, LLC","Arlington, VA",https://stackoverflow.com/jobs/299774
PHP Developer (JavaScript/HTML/and CSS),HaysviaHays plc,"Raleigh, NC",https://stackoverflow.com/jobs/373020
Senior backend PHP developer,Debunk.eu,"Vilnius, Lithuania",https://stackoverflow.com/jobs/373019
Sr Full Stack Systems Architect (Angular/Vue.js/React),HaysviaHays plc,"Raleigh, NC",https://stackoverflow.com/jobs/373017
Sr. Frontend Developer,Pivot Design,"Chicago, IL",https://stackoverflow.com/jobs/267169
Full Stack Developer,DataRemote Inc,"Palmetto Bay, FL",https://stackoverflow.com/jobs/373005
Solution Architect,Citizens Bank,"Providence, RI",https://stackoverflow.com/jobs/391699
Hackers wanted - Software Engineers (m/f/d) & Machine Learning Experts (m/f/d),freiheit.com technologies gmbh,"Lissabon, Portugal",https://stackoverflow.com/jobs/254089
Hackers wanted - Software Engineers (m/f/d) & Machine Learning Experts (m/f/d),freiheit.com technologies gmbh,"Hamburg, Deutschland",https://stackoverflow.com/jobs/165266
Hackers wanted-Looking for a Senior Developer (m/f/d) with Team Lead Experience!,freiheit.com technologies gmbh,"Lissabon, Portugal",https://stackoverflow.com/jobs/197741
WEB DEVELOPER BERLIN - Full Stack Front/Back End - Vue.js Laravel (m/f/d),CHEQSITE GmbH,"Berlin, Deutschland",https://stackoverflow.com/jobs/399730
"Lead Polyglot Software Engineers – TDD, XP, JavaScript",Pragmateam,"Sydney, Australia",https://stackoverflow.com/jobs/399570
PHP Software Engineer - Book & Stay,trivago N.V.,"Düsseldorf, Germany",https://stackoverflow.com/jobs/399719
Senior Software Developer,DCSL Software Ltd,"London, UK",https://stackoverflow.com/jobs/399681
Senior Frontend Developer (m/w/d),Neofonie,"Berlin, Deutschland",https://stackoverflow.com/jobs/399676
Front End Gosu,reppa.net GmbH,"München, Deutschland",https://stackoverflow.com/jobs/365543
"Software Engineer, Full Stack (Business Intelligence Product)",Centre for Strategic Infocomm Technologies (CSIT),Singapore,https://stackoverflow.com/jobs/391640
Software Engineer (Cybersecurity Operations Systems),Centre for Strategic Infocomm Technologies (CSIT),Singapore,https://stackoverflow.com/jobs/391609
Senior Software Engineer (Command and Control Systems),Centre for Strategic Infocomm Technologies (CSIT),Singapore,https://stackoverflow.com/jobs/391605
Frontend Developer (Information Processing & Analytics),Centre for Strategic Infocomm Technologies (CSIT),Singapore,https://stackoverflow.com/jobs/391305
Back End Engineer (NodeJS),Modus Create,No office location,https://stackoverflow.com/jobs/399631
Back End Engineer (PHP/ Symfony/ AWS),Modus Create,No office location,https://stackoverflow.com/jobs/399629
Webアプリケーションエンジニア(検索広告事業),Supershipグループ,"Minato City, Japan",https://stackoverflow.com/jobs/382648
"時給3,200円 私服OK 交通費/サーバーサイドエンジニア",株式会社エーティーエス,"Chuo City, Japan",https://stackoverflow.com/jobs/382637
ITエンジニア,株式会社with,"Shibuya City, Japan",https://stackoverflow.com/jobs/382636
webエンジニア,合同会社DMM.com,"Minato City, Japan",https://stackoverflow.com/jobs/382632
飲食店の未来をテクノロジーで創造|モバイルオーダーサービス開発のテックリード,株式会社Showcase Gig,"Minato City, Japan",https://stackoverflow.com/jobs/382630
Laravelを使ったサーバーレス開発を推進するバックエンドエンジニア,カレント自動車株式会社,"Shibuya City, Japan",https://stackoverflow.com/jobs/382628
PHP Developer,GRCO Tech,"Pune, India",https://stackoverflow.com/jobs/399591
MEAN Stack Developer,Knick Global,"Sahibzada Ajit Singh Nagar, India",https://stackoverflow.com/jobs/399577
Web Developer,Raja Software Labs,"Pune, India",https://stackoverflow.com/jobs/337743
Webエンジニア(機械学習),株式会社ロンバード,"Shinagawa City, Japan",https://stackoverflow.com/jobs/399531
Software Engineer,Affinitiv,"Clearwater, FL",https://stackoverflow.com/jobs/399504
Full Stack Engineer,Nirveda Cognition,"Glendale, CA",https://stackoverflow.com/jobs/362202
Mid-Senior Full Stack Developer - Django/VUE.js - 100% remote + flexible hours,ROI Developers,No office location,https://stackoverflow.com/jobs/361431
Software Engineer/ Architect,Daugherty Business Solutions,"Creve Coeur, MO",https://stackoverflow.com/jobs/382530
Senior Software Engineer (Python),Back Market,"Paris, France",https://stackoverflow.com/jobs/347057
Full-Stack Developer - Marketing Solutions,trivago N.V.,"Düsseldorf, Germany",https://stackoverflow.com/jobs/399488
Senior Frontend Developer,Jumbo Supermarkets,"Veghel, Netherlands",https://stackoverflow.com/jobs/306562
"Dev web fullstack C# (Asp.net, Typescript), pour sauver des vies !",Deeplink Medical,"Lyon, France",https://stackoverflow.com/jobs/362130
Senior Frontend Developer (m/f/d) for legal tech startup,DataGuard,"München, Deutschland",https://stackoverflow.com/jobs/399463
Engineering Manager - Cloud Infrastructure,Back Market,"Paris, France",https://stackoverflow.com/jobs/198320
Senior Front-End Engineer,Back Market,"Paris, France",https://stackoverflow.com/jobs/283837
Senior Frontend Softwareentwickler Automotive (m/w/d),msg DAVID GmbH,"Braunschweig, Deutschland",https://stackoverflow.com/jobs/337459
(Senior) Javascript Entwickler (m/w/d) mit vue.js Know How,Netfonds AG,"Hamburg, Deutschland",https://stackoverflow.com/jobs/307703
フルリモートエンジニア,株式会社プライムスタイル,"Bunkyo City, Japan",https://stackoverflow.com/jobs/340348
Senior Web Developer,Openweb Solutions,"Kolkata, India",https://stackoverflow.com/jobs/382491
Webエンジニア,株式会社メンバーズ メンバーズエッジカンパニー,"Yokohama, Japan",https://stackoverflow.com/jobs/382316
"サーバーサイドエンジニア[東京](Software Engineer, Backend)",株式会社Holmes,"Chiyoda City, Japan",https://stackoverflow.com/jobs/319847
Senior Web Developer - PHP Laravel,Cybase Technologies,"Kochi, India",https://stackoverflow.com/jobs/399388
PHP Web Developer,Centre Source,"Kochi, India",https://stackoverflow.com/jobs/399373
エンジニアリングマネージャ[東京](Engineering Manager),株式会社Holmes,"Chiyoda City, Japan",https://stackoverflow.com/jobs/391597
Senior Software Engineer .Net,Qualmids,"Hyderabad, India",https://stackoverflow.com/jobs/337138
Principal Software Engineer,Qualmids,"Hyderabad, India",https://stackoverflow.com/jobs/337103
エンジニア/中途 フロント基盤の全面刷新を行うJavaScriptエンジニア,オイシックス・ラ・大地株式会社,"Shinagawa City, Japan",https://stackoverflow.com/jobs/349175
エンジニアリングマネージャー,株式会社アペルザ,"Yokohama, Japan",https://stackoverflow.com/jobs/349171
FULL STACK PHP DEVELOPER,SQL Computech,"Ahmedabad, India",https://stackoverflow.com/jobs/337033
AEM Architect,Big Zeta,"Portland, OR",https://stackoverflow.com/jobs/348978
Frontend Developer,Digital Media Solutions,"Miami, FL",https://stackoverflow.com/jobs/365634
Frontend Developer,Digital Media Solutions,"San Diego, CA",https://stackoverflow.com/jobs/365635
Solution Architect H/F,ENGIE Digital,"Paris, France",https://stackoverflow.com/jobs/399224
Senior Frontend Engineer (f/m/d),keylight GmbH,"Berlin, Germany",https://stackoverflow.com/jobs/127921
Full Stack Web Developer (m/w/d),EyeC GmbH,"Hamburg, Deutschland",https://stackoverflow.com/jobs/322237
Frontend Web Developer (m/w/d),EyeC GmbH,"Hamburg, Deutschland",https://stackoverflow.com/jobs/242084
.Net Full Stack developer (m/w/d),EyeC GmbH,"Hamburg, Deutschland",https://stackoverflow.com/jobs/236849
"Développeuse / Développeur Full Stack (Java, Angular) - Paris",Zenika,"Paris, France",https://stackoverflow.com/jobs/352667
"Webentwickler (m/w/d) JavaScript, React und/oder Vue.js",auteon GmbH,"Berlin, Deutschland",https://stackoverflow.com/jobs/399174
"Webentwickler (m/w/d) JavaScript, React und/oder Vue.js",auteon GmbH,"München, Deutschland",https://stackoverflow.com/jobs/399173
PHP Developer (w/*/m),queo GmbH,"Dresden, Deutschland",https://stackoverflow.com/jobs/399160
Senior Python Software Engineer - Join our growing team of 30+ developers,Tails.com,"Richmond, UK",https://stackoverflow.com/jobs/254448
Senior Front-end Developer,VinIDviaApplancer,"Hai Bà Trưng, Vietnam",https://stackoverflow.com/jobs/399056
Full-Stack Developer (Elixir/ Ruby),Mindvalley,No office location,https://stackoverflow.com/jobs/399156
テックリード,株式会社アペルザ,"Yokohama, Japan",https://stackoverflow.com/jobs/348737
PHP Developer,Debut Infotech,"Sahibzada Ajit Singh Nagar, India",https://stackoverflow.com/jobs/399144
PHP Developer,Ecotech IT Solutions Pvt. Ltd.,"Pune, India",https://stackoverflow.com/jobs/399114
WordPress Developer,Templatic,"Surat, India",https://stackoverflow.com/jobs/399107
即日スタート/10時始業/交通費 システム・ECサイト開発,株式会社エーティーエス,"Osaka, Japan",https://stackoverflow.com/jobs/382114
《関西》モバイルエクスペリエンスエンジニア《WEB面接可》,アクセンチュア株式会社,"Osaka, Japan",https://stackoverflow.com/jobs/399078
Mobile Application Developer (Ionic) : Remote (Global),Modus Create,No office location,https://stackoverflow.com/jobs/391439
Frontend Web Developer (m/f/x),refurbed,"Wien, Österreich",https://stackoverflow.com/jobs/361674
Front-End Ruby Developer,Supply Clinic,"Chicago, IL",https://stackoverflow.com/jobs/372318
Full-Stack Ruby on Rails Developer,Supply Clinic,"Chicago, IL",https://stackoverflow.com/jobs/372317
Ingénieur(e) Infra / DevOps / SRE (H/F),Deeplink Medical,"Lyon, France",https://stackoverflow.com/jobs/372316
Lead Developer Ruby on Rails (m/f/div),PAIR Finance GmbH,"Berlin, Deutschland",https://stackoverflow.com/jobs/303965
PHP Developer,UniPartners IT-Services NV,"Vilvoorde, Belgium",https://stackoverflow.com/jobs/303824
.NET Developer,UniPartners IT-Services NV,"Vilvoorde, Belgium",https://stackoverflow.com/jobs/303810
Experienced Software Engineer in Tokyo,HTM Corporation,"Minato, Japan",https://stackoverflow.com/jobs/204322
Frontend Engineer (m/f/d),GEDANKENtanken GmbH,"Köln, Deutschland",https://stackoverflow.com/jobs/348313
Full Stack Software Developer - Java (all genders) Full-/Part-time,Accenture DACH,"Zürich, Switzerland",https://stackoverflow.com/jobs/391300
Front-End Web Developer (all genders) Full-/Part-time,Accenture DACH,"Jena, Germany",https://stackoverflow.com/jobs/391299
Front-end Developer (Core Product),HostingerviaWork in Lithuania,"Kaunas, Lithuania",https://stackoverflow.com/jobs/381653
サーバーサイド エンジニア (ブロックチェーン事業),株式会社テコテック,"Minato City, Japan",https://stackoverflow.com/jobs/381609
スマホアプリ 開発エンジニア,株式会社Rabo,"Meguro City, Japan",https://stackoverflow.com/jobs/381608
オープンポジション,type転職エージェント,"Shinjuku City, Japan",https://stackoverflow.com/jobs/391240
エンジニア,株式会社アグリメディア,"Shinjuku City, Japan",https://stackoverflow.com/jobs/310358
PHP Laravel Backend Developer 2-4yr for Fantasy Sport Games,MyExpert11 (Sportena Fantasy Pvt Ltd),"Noida, India",https://stackoverflow.com/jobs/399041
PHP Developer,Euraco Technologies Pvt Ltd,"Noida, India",https://stackoverflow.com/jobs/399019
Node JS Developer,Hyse Software Solutions,"Hyderabad, India",https://stackoverflow.com/jobs/395984
"Staff Requirement for Web Developer, Designer, Content Writer & SEO",RRahi Associates,"Surat, India",https://stackoverflow.com/jobs/398994
Laravel Developer,Eastern Techno Solution,"Surat, India",https://stackoverflow.com/jobs/398991
LARAVEL DEVELOPER,Negits,"Chennai, India",https://stackoverflow.com/jobs/372225
Full stack developer,Relianttech,"Chennai, India",https://stackoverflow.com/jobs/398981
Senior Front-end Engineer,XMind Ltd.,"Shenzhen Shi, China",https://stackoverflow.com/jobs/372168
サーバーサイドエンジニア(Java),株式会社アイスタイル,"Minato City, Japan",https://stackoverflow.com/jobs/340671
技術の力で働くひとの健康を創りませんか!ヘルスケア　フロントエンジニア/インターネット/Webサービス・ASP,株式会社 iCARE,"Shibuya City, Japan",https://stackoverflow.com/jobs/356477
Junior Software Engineer in Tokyo,HTM Corporation,"Minato, Japan",https://stackoverflow.com/jobs/204320
Backend- oder Full-Stack-Entwickler PHP  (w/m/d) in Dortmund,kolossal GmbH,"Dortmund, Deutschland",https://stackoverflow.com/jobs/372164
Experienced Frontend Developer with strong CSS skills (m/f),Typeqast,"Zagreb, Croatia",https://stackoverflow.com/jobs/335842
Fullstack Developer für führendes E-Commerce Unternehmen,Sportspar GmbH,"Leipzig, Deutschland",https://stackoverflow.com/jobs/347860
フロントエンドエンジニア,HENNGE K.K.,"Tokyo, Japan",https://stackoverflow.com/jobs/381284
Front-End Software Engineer,HENNGE K.K.,"Tokyo, Japan",https://stackoverflow.com/jobs/381280
Leader de la Performance des Ventes du Pays H/F,IKEA,"Plaisir, France",https://stackoverflow.com/jobs/398151
ITスペシャリスト (メンバー/リーダー候補),株式会社Works Human Intelligence,"Nagoya, Japan",https://stackoverflow.com/jobs/381211
セキュリティエンジニア (メンバー),株式会社Works Human Intelligence,"Minato City, Japan",https://stackoverflow.com/jobs/381210
SRE(Site Reliability Engineer)エンジニア (メンバー),株式会社Works Human Intelligence,"Minato City, Japan",https://stackoverflow.com/jobs/381207
【横浜・やる気、センス重視・2021新卒・この夏週休3日導入予定】Webエンジニア,株式会社ベイストリーム,"Yokohama, Japan",https://stackoverflow.com/jobs/381188
社内ツール開発エンジニア (メンバー),株式会社Works Human Intelligence,"Minato City, Japan",https://stackoverflow.com/jobs/381183
リードエンジニア(データ分析),type転職エージェント,"Shinjuku City, Japan",https://stackoverflow.com/jobs/347817
Full Stack Developer,DataSprouts,"Hyderabad, India",https://stackoverflow.com/jobs/372062
Web Development Frontend Engineer,WOVN.io,"Minato City, Japan",https://stackoverflow.com/jobs/360922
Web Development Backend Engineer,WOVN.io,"Minato City, Japan",https://stackoverflow.com/jobs/360921
Web Developer,"EGB Systems and Solutions, pvt ltd.","Chennai, India",https://stackoverflow.com/jobs/381485
エンジニア(フロントエンド),株式会社レシカ,"Chiyoda City, Japan",https://stackoverflow.com/jobs/398288
218 「 次世代プラットフォーム開発プロジェクト フロントエ...,合同会社DMMGAMES,"Minato City, Japan",https://stackoverflow.com/jobs/398284
Webエンジニア,株式会社イマジカデジタルスケープ,"Oita, Japan",https://stackoverflow.com/jobs/388737
SE・PG(オープン系)/日払即日全額振込 小売業向けシステム改修 月給50万円~,株式会社アイズスタッフ,"横浜市, Japan",https://stackoverflow.com/jobs/398273
フロントエンドエンジニア,株式会社うるる,"Chuo City, Japan",https://stackoverflow.com/jobs/398269
コーポレートエンジニア,株式会社うるる,"Chuo City, Japan",https://stackoverflow.com/jobs/398268
研究開発(R&D)エンジニア,アイレット株式会社,"Minato City, Japan",https://stackoverflow.com/jobs/376015
フロントエンド・リードエンジニア,株式会社うるる,"Chuo City, Japan",https://stackoverflow.com/jobs/398265
Webプログラマ,リビン・テクノロジーズ株式会社,"Chuo City, Japan",https://stackoverflow.com/jobs/398261
Webアプリエンジニア募集,株式会社セルシス,"Shinjuku City, Japan",https://stackoverflow.com/jobs/398215
Full Stack Javascript Developer,Formstack,"Fishers, IN",https://stackoverflow.com/jobs/398173
Front End Engineer,SightPlan,"Orlando, FL",https://stackoverflow.com/jobs/347583
Software Engineer,IPD Analytics,"Miami, FL",https://stackoverflow.com/jobs/347671
Senior Software Engineer,Keelvar,"Cork, Ireland",https://stackoverflow.com/jobs/398164
Full Stack Developer,Nurole Ltd,"London, UK",https://stackoverflow.com/jobs/331256
Principal Software Engineer,Citizens Bank,"Westwood, MA",https://stackoverflow.com/jobs/398131
SENIOR SOFTWARE DEVELOPER – C#.NET,FELFEL,"Zürich, Switzerland",https://stackoverflow.com/jobs/398126
Principal Network Engineer,Citizens Bank,"Providence, RI",https://stackoverflow.com/jobs/398125
Cloud Network Architect,Citizens Bank,"Providence, RI",https://stackoverflow.com/jobs/398124
SENIOR FULL STACK ENGINEER (.NET),FELFEL,"Zürich, Switzerland",https://stackoverflow.com/jobs/398119
Sr Front End Developer (Angular / React),HaysviaHays plc,"Orlando, FL",https://stackoverflow.com/jobs/398093
Junior Frontend Developer (m/w/d),7P.konzepte GmbH,"Dortmund, Deutschland",https://stackoverflow.com/jobs/390709
Softwareentwickler (m/w/d),AM GmbH,"Hamburg, Deutschland",https://stackoverflow.com/jobs/380999
Full Stack Software Engineer,Mimacom,"Madrid, Spain",https://stackoverflow.com/jobs/390672
Senior Frontend-Entwickler (m/w/d),Ippen Digital GmbH & Co. KG,"München, Deutschland",https://stackoverflow.com/jobs/380986
4 Full Stack Software Engineers (m/f),AIRBUS,"Toulouse, France",https://stackoverflow.com/jobs/303143
フルスタック・エンジニア (Full-Stack Software Engineer),Okcoin Japan,"Minato City, Japan",https://stackoverflow.com/jobs/397965
Liferay Developer,proventeq,"Pune, India",https://stackoverflow.com/jobs/371944
Laravel Developer,trileotech,"Ahmedabad, India",https://stackoverflow.com/jobs/397922
Senior Full Stack PHP Developer,BEO software,"Kochi, India",https://stackoverflow.com/jobs/323926
Senior Software Engineer (Ruby on Rails),PeerstreetviaStott and May Inc.,"El Segundo, CA",https://stackoverflow.com/jobs/371848
Flutter Working Student (m/f/d),BlueGo UG,"München, Deutschland",https://stackoverflow.com/jobs/371838
Full Stack Developer,PrizeLogic,"Scottsdale, AZ",https://stackoverflow.com/jobs/397846
Front-End Developer,"Bluebeam, Inc.","Pasadena, CA",https://stackoverflow.com/jobs/361433
Frontend Engineer,Nuxeo,"Lisbon, Portugal",https://stackoverflow.com/jobs/313924
Sr. Software Engineer,VisuWell,"Chattanooga, TN",https://stackoverflow.com/jobs/274406
"Senior Software Engineer- JavaScript, Angular, Vue.js",FactSet,"London, UK",https://stackoverflow.com/jobs/360118
Senior Back-end Engineer,"Autify, Inc.","Tokyo, Japan",https://stackoverflow.com/jobs/380861
Senior Node.js Developer (Remote),X-Team,No office location,https://stackoverflow.com/jobs/197763
Software Developer (Remote or Onsite),Aptera Software,"Fort Wayne, IN",https://stackoverflow.com/jobs/246026
Senior Python Developer (Remote),X-Team,No office location,https://stackoverflow.com/jobs/203899
Senior Go Developer (Remote),X-Team,No office location,https://stackoverflow.com/jobs/235208
Senior Angular Developer (Remote),X-Team,No office location,https://stackoverflow.com/jobs/289869
Senior Fullstack Developer (m/f/d) - Stage Curation,SPRING | Axel Springer,"Berlin, Deutschland",https://stackoverflow.com/jobs/360044
Front End Developer (React Native),Plus65 Interactive Pte Ltd,"Kuala Selangor, Malaysia",https://stackoverflow.com/jobs/390266
Webアプリケーション開発フロントエンドエンジニア,株式会社Widsley,"Shibuya City, Japan",https://stackoverflow.com/jobs/390229
Javascript and Node js,FactSet,"Hyderabad, India",https://stackoverflow.com/jobs/359989
AWSエンジニア,株式会社キュービック,"Shinjuku City, Japan",https://stackoverflow.com/jobs/397789
WEB系プログラマ(JAVA、PHP:新大阪、未経験OK,スキルシステムズ　株式会社,"Osaka, Japan",https://stackoverflow.com/jobs/397756
出前館システム開発 サーバーサイドエンジニア,株式会社出前館,"Tokyo, Japan",https://stackoverflow.com/jobs/335212
出前館システム開発 フロントエンドエンジニア,株式会社出前館,"Tokyo, Japan",https://stackoverflow.com/jobs/335157
Front-End Web Developer,Maxwell GeoSystems,"Kochi, India",https://stackoverflow.com/jobs/380733
Frontend Developer - React JS/ NodeJS,Aptus Health,"Navi Mumbai, India",https://stackoverflow.com/jobs/359801
PHP Developer,Vindaloo VoIP Solutions Private Limited,"Ahmedabad, India",https://stackoverflow.com/jobs/397708
Sr. Full-Stack Engineer / Developer / Tech Lead / Team Lead,Armentum,"Bengaluru, India",https://stackoverflow.com/jobs/397697
Junior Software Engineer for Micro Frontends,smapiot,"München, Germany",https://stackoverflow.com/jobs/278008
Software Engineer for Next Gen. Distributed Web Apps,smapiot,"München, Germany",https://stackoverflow.com/jobs/272468
(Senior) Python Engineer / Architect (m/f/x) for Logistics #StaySafe,"AVANTGARDE - ""Creating Fans""","Berlin, Deutschland",https://stackoverflow.com/jobs/283674
Software Engineer Manager,Sharp Notions LLC,"Fairport, NY",https://stackoverflow.com/jobs/371581
Front End Web Developer,Xactware,"Lehi, UT",https://stackoverflow.com/jobs/293752
Full-Stack Developer,CoStar Group,"Richmond, VA",https://stackoverflow.com/jobs/359614
Techlead / Senior Frontend Developer (m/f/x) Vue.js  #StaySafe,"AVANTGARDE - ""Creating Fans""","Berlin, Deutschland",https://stackoverflow.com/jobs/277002
Softwareentwickler (m/w/d) Frontend TypeScript,Hetzner Cloud GmbH,"Unterföhring, Deutschland",https://stackoverflow.com/jobs/359590
Mid- / Senior PHP Web Developer,Energy Gruppe Schweiz,"Zürich, Switzerland",https://stackoverflow.com/jobs/371108
iOS Engineer,Durstexpress GmbH,"Berlin, Germany",https://stackoverflow.com/jobs/364025
.Net Software Developer,eDerm Systems,"Boca Raton, FL",https://stackoverflow.com/jobs/357993
Fullstack Developer,best it GmbH & Co. KG,"Velen, Deutschland",https://stackoverflow.com/jobs/371547
Fullstack Developer,best it GmbH & Co. KG,"Berlin, Deutschland",https://stackoverflow.com/jobs/368833
Solution Architect (f/m/diverse),Eurowings Digital GmbH,"Köln, Deutschland",https://stackoverflow.com/jobs/368535
Infrastructure Engineer (m/f/o),Agrando,"München, Germany",https://stackoverflow.com/jobs/316336
Full Stack Developer / Softwareentwickler (m/w/d) für Daten Management,AbbVie Deutschland GmbH & Co. KG,"Ludwigshafen am Rhein, Deutschland",https://stackoverflow.com/jobs/397505
サーバーサイドエンジニア / 会計システム開発 / コーポレート,LINE株式会社,"Shinjuku City, Japan",https://stackoverflow.com/jobs/310085
Railsエンジニア,株式会社クリプラ,"Shinjuku City, Japan",https://stackoverflow.com/jobs/368718
WEBフロントエンド/正社員/月給20~40万円/杉並区松庵/週休2日制/社会保険完備/専門スキルを磨きたい方にピッタリ,株式会社 クオリアシステムズ,"Suginami City, Japan",https://stackoverflow.com/jobs/397463
フロントエンジニア,株式会社キャリアデザインITパートナーズ,"Shinjuku City, Japan",https://stackoverflow.com/jobs/376364
WEBフロントエンド/正社員/月給30~40万円/杉並区松庵/週休2日制/社会保険完備/分析や開発などが好きな方にオススメ,株式会社 クオリアシステムズ,"Suginami City, Japan",https://stackoverflow.com/jobs/397457
WEBフロントエンド 月給~50万円 週休2日制 西荻窪,株式会社 クオリアシステムズ,"Suginami City, Japan",https://stackoverflow.com/jobs/397456
システムエンジニア,CCCフロンティアラボ株式会社,"Shibuya City, Japan",https://stackoverflow.com/jobs/388408
社内管理,株式会社ビーネックスソリューションズ,"Minato City, Japan",https://stackoverflow.com/jobs/397450
Full stack developer,Indee Technologies,"Bengaluru, India",https://stackoverflow.com/jobs/380383
Fullstack Developer (MEAN),Klaxon India,"Bengaluru, India",https://stackoverflow.com/jobs/380371
エンジニア,マインドフリー株式会社,"Osaka, Japan",https://stackoverflow.com/jobs/334770
サーバサイドエンジニア(リードエンジニア),株式会社アドウェイズ,"Shinjuku City, Japan",https://stackoverflow.com/jobs/313276
Front End Developer,DIATOZ SOLUTIONS PVT LTD,"Bengaluru, India",https://stackoverflow.com/jobs/397418
Php developer,Snr Square Private Limited,"Bengaluru, India",https://stackoverflow.com/jobs/397411
Android Developer,Sinelogix technologies,"Bengaluru, India",https://stackoverflow.com/jobs/397398
Senior Web Developer,Omicron,"Orlando, FL",https://stackoverflow.com/jobs/339325
Senior Full Stack Engineer (Remote OR NYC),Noom,"New York, NY",https://stackoverflow.com/jobs/283522
Frontend Software Engineer (WebGL 3D WebApp) - 360 Documentation in Construction,bitstars GmbH - a HoloBuilder company,"Aachen, Germany",https://stackoverflow.com/jobs/313141
Frontend Developer: AI marketing video platform,OpsTalent,"Wrocław, Poland",https://stackoverflow.com/jobs/350853
Full Stack Ruby on Rails Engineer (f/m/d),On Running,"Berlin, Germany",https://stackoverflow.com/jobs/334429
Senior Go Backend Developer (m/f/x),refurbed,"Wien, Österreich",https://stackoverflow.com/jobs/287208
バックエンドエンジニア《IT×ヘルスケア》私服勤務可,株式会社Fubic SI,"Shinjuku City, Japan",https://stackoverflow.com/jobs/389767
リードフロントエンジニア《IT×ヘルスケア》私服勤務可,株式会社Fubic SI,"Shinjuku City, Japan",https://stackoverflow.com/jobs/389761
MVC PHP Developer,Crest Infosystems,"Surat, India",https://stackoverflow.com/jobs/346519
EOI - Software Engineer and/or Developer,carsales.com Ltd,"Cremorne, Australia",https://stackoverflow.com/jobs/380039
Webエンジニア/インターネット/Webサービス・ASP,株式会社 アトラエ,"Minato City, Japan",https://stackoverflow.com/jobs/397264
サーバーサイドエンジニア,type転職エージェント,"Oita, Japan",https://stackoverflow.com/jobs/397262
Fullstack Developer,IMImobile,"Hyderabad, India",https://stackoverflow.com/jobs/379903
Frontend Developer,IMImobile,"Hyderabad, India",https://stackoverflow.com/jobs/379902
RPA上流エンジニア,type転職エージェント,"Toshima City, Japan",https://stackoverflow.com/jobs/334232
Laravel - VueJS - Senior PHP Developer,Ayuca LTD,"Kolkata, India",https://stackoverflow.com/jobs/383053
Web Developer Urgent,Twiplo Web Services,"Kolkata, India",https://stackoverflow.com/jobs/397096
MEAN Stack Developer,Intlum Technology Pvt Ltd,"Kolkata, India",https://stackoverflow.com/jobs/397093
WordPress Plugin Developer,Western Deal Web Solution Private Limited,"Surat, India",https://stackoverflow.com/jobs/375469
Analytics Engineer: Javascript - Full Stack,InfoTrust LLC,No office location,https://stackoverflow.com/jobs/389738
Développeur Front-End Angular,AIM Services SA,"Geneva, Switzerland",https://stackoverflow.com/jobs/371113
Senior Java Web Developer,Cloudflight GmbH,"Wien, Austria",https://stackoverflow.com/jobs/379661
ITエンジニア,AsianStream株式会社,"Minato City, Japan",https://stackoverflow.com/jobs/389673
新規プロダクトの開発エンジニア,type転職エージェント,"Shinjuku City, Japan",https://stackoverflow.com/jobs/389672
フロントエンドエンジニア,TOWN株式会社,"Chuo City, Japan",https://stackoverflow.com/jobs/389671
Solution Architect,DCSL Software Ltd,"Farnborough, UK",https://stackoverflow.com/jobs/397028
Frontend Developer (m/w/d),Tchibo GmbH,"Hamburg, Deutschland",https://stackoverflow.com/jobs/333785
Développeuse / Développeur Full Stack (JavaScript) - Paris,Zenika,"Paris, France",https://stackoverflow.com/jobs/371046
Full-Stack Web Developer Java,WPS Management GmbH,"Paderborn, Germany",https://stackoverflow.com/jobs/125395
Lead Vue.js / PHP developer,HUBX,No office location,https://stackoverflow.com/jobs/397027
"Web Developer (Laravel, VueJS)",WESLINK GmbH,"Coesfeld, Deutschland",https://stackoverflow.com/jobs/371041
Developer - Digital Advertising 100%,Tamedia,"Zürich, Switzerland",https://stackoverflow.com/jobs/371038
Web開発エンジニア,虎の穴ラボ株式会社,"Chiyoda City, Japan",https://stackoverflow.com/jobs/339584
Webアプリケーション開発フルスタックエンジニア,株式会社Widsley,"Shibuya City, Japan",https://stackoverflow.com/jobs/389652
JS Developer - Investment App (m/f/x),Exporo AG,"Hamburg, Deutschland",https://stackoverflow.com/jobs/333739
【バイト】webデザイン経験者歓迎!フロントエンドエンジニア(実務未経験OK),株式会社メイツ,"Shinjuku City, Japan",https://stackoverflow.com/jobs/389603
【バイト】実務未経験OK!自社開発アプリを支えるサーバーサイドエンジニア,株式会社メイツ,"Shinjuku City, Japan",https://stackoverflow.com/jobs/389602
"Software Engineer, Frontend",株式会社メルカリ,"Minato City, Japan",https://stackoverflow.com/jobs/389571
業務推進　WEBデザイナー,株式会社 FAN・DREAM,"Meguro City, Japan",https://stackoverflow.com/jobs/396969
バックエンドエンジニア(PHP),株式会社キャリアデザインITパートナーズ,"Shinjuku City, Japan",https://stackoverflow.com/jobs/370383
Sr. Laravel Developer,Capital Numbers Infotech,"Kolkata, India",https://stackoverflow.com/jobs/379559
Full Stack Web Developer,"Art & Logic, Inc.",No office location,https://stackoverflow.com/jobs/370918
開発責任者 (つくばオフィス),ナイル株式会社,"Tsukuba, Japan",https://stackoverflow.com/jobs/349530
ソフトウェア/インフラエンジニア,株式会社フロムスクラッチ,"Shinjuku City, Japan",https://stackoverflow.com/jobs/379426
コンテンツプラットフォームエンジニア,株式会社Gunosy,"Minato City, Japan",https://stackoverflow.com/jobs/375681
(RetailTechプロダクト),type転職エージェント,"Minato City, Japan",https://stackoverflow.com/jobs/379380
Software Engineer (Cyber Security),Surevine,"London, UK",https://stackoverflow.com/jobs/346002
Javascript Developer - Angular or Node.js,Arcanys,No office location,https://stackoverflow.com/jobs/243364
Javascript Developer - Angular or Node.js,Arcanys,"Cebu City, Philippines",https://stackoverflow.com/jobs/243375
Frontend Developer (m/f/d),WPS Management GmbH,"Paderborn, Germany",https://stackoverflow.com/jobs/293572
Web Gameフロントエンジニア,type転職エージェント,"Minato City, Japan",https://stackoverflow.com/jobs/318680
フロントエンドエンジニア(Web)、ネットワークエンジニア・サーバーエンジニア(Web),クリーク・アンド・リバー社,"Shibuya City, Japan",https://stackoverflow.com/jobs/310009
Webエンジニア(SaaS事業),アイスタイルグループ,"Minato City, Japan",https://stackoverflow.com/jobs/378911
Webエンジニア,株式会社メンバーズ メンバーズエッジカンパニー,"Fukuoka, Japan",https://stackoverflow.com/jobs/358460
Frontend Developer (m/w/d) in Halle (Saale),Relaxdays GmbH,"Halle (Saale), Deutschland",https://stackoverflow.com/jobs/201379
サーバサイドエンジニア,ソウルドアウト株式会社,"Chiyoda City, Japan",https://stackoverflow.com/jobs/378642
la belle vie フロントエンドエンジニア,la belle vie 株式会社,"Minato City, Japan",https://stackoverflow.com/jobs/333125
Full Stack PHP Developer,DesktopRemoto S.r.l.,"Lomazzo, Italy",https://stackoverflow.com/jobs/396797
Senior Software Engineer,Pedigree Technologies,"Fargo, ND",https://stackoverflow.com/jobs/275888
Senior Fullstack-Entwickler (w/m/d) am Standort Berlin,Hochfrequenz Unternehmensberatung GmbH,"Berlin, Deutschland",https://stackoverflow.com/jobs/358244
"가상자산(암호화폐) 거래소 고팍스(GOPAX) (신입, 경력) 프론트엔드 엔지니어 모집",Streami Inc.,"Seoul, South Korea",https://stackoverflow.com/jobs/332554
フロントエンドエンジニア,ibis group,"Osaka, Japan",https://stackoverflow.com/jobs/345782
IT事業部スターティングメンバー(開発系職種),ワークタンク,"Meguro City, Japan",https://stackoverflow.com/jobs/345669
モバイルオーダーで新しいユーザー体験を創造|フロントエンドエンジニア,株式会社Showcase Gig,"Minato City, Japan",https://stackoverflow.com/jobs/358172
ウェブアプリケーションエンジニア,株式会社アペルザ,"Yokohama, Japan",https://stackoverflow.com/jobs/358148
フロントエンドエンジニア,株式会社LOB,"Minato City, Japan",https://stackoverflow.com/jobs/378280
WEB名刺発注システム開発要件定義 (印刷会社でのお仕事です直接雇用あり) PHP,株式会社スタッフサービス,"Osaka, Japan",https://stackoverflow.com/jobs/370480
開発エンジニア,株式会社Jストリーム,"福岡市, Japan",https://stackoverflow.com/jobs/312072
UI/UXデザイナー,株式会社Widsley,"Shibuya City, Japan",https://stackoverflow.com/jobs/388734
株式会社VOYAGE GROUP PORTO tv事業本部 アプリケーションエンジニア,株式会社VOYAGE GROUP,"Shibuya City, Japan",https://stackoverflow.com/jobs/388724
ソフトウェアエンジニア,株式会社クイック,"Minato City, Japan",https://stackoverflow.com/jobs/388702
エンジニアリングマネージャー,株式会社クイック,"Minato City, Japan",https://stackoverflow.com/jobs/388696
(Go/PHP)公営競技サービスサーバーサイド開発案件,レバテック株式会社,"Minato City, Japan",https://stackoverflow.com/jobs/388685
エンジニアリングマネージャー,株式会社うるる,"Chuo City, Japan",https://stackoverflow.com/jobs/396675
その他コンピュータ関連職,株式会社FAN・DREAM,"Meguro City, Japan",https://stackoverflow.com/jobs/396673
65万/Python/Java/某でんきアプリ開発,株式会社ビズリンク,"Shinjuku City, Japan",https://stackoverflow.com/jobs/396629
Senior Software Engineer (Ruby on Rails),Grain,"Bangkok, Thailand",https://stackoverflow.com/jobs/396597
Frontend Developer,Banjo,"South Jordan, UT",https://stackoverflow.com/jobs/345274
Full Stack Developer Mobile Gaming (m/w/d),Lotum GmbH,"Bad Nauheim, Deutschland",https://stackoverflow.com/jobs/372990
Senior Web Engineer,Bushel,"Fargo, ND",https://stackoverflow.com/jobs/371225
"Senior Front End Developer (TS, React) for Simulation Platform",Improbable,"London, UK",https://stackoverflow.com/jobs/390671
"Team Lead, System Development",Mandatum Life,"Helsinki, Finland",https://stackoverflow.com/jobs/396562
Software Architect to drive building modern financial business,Mandatum Life,"Helsinki, Finland",https://stackoverflow.com/jobs/396561
Senior Software Engineer (f/m/d) Angular,Verivox GmbH,"Heidelberg, Deutschland",https://stackoverflow.com/jobs/165583
"Senior/Lead Software Engineer, passion for building FinTech solutions",Mandatum Life,"Helsinki, Finland",https://stackoverflow.com/jobs/396513
【月給75万可のフロントエンド・コーダー】不動産系自社サービスのフロントエンド開発 恵比寿,株式会社GLITTERS,"Oita, Japan",https://stackoverflow.com/jobs/357616
フロントエンドエンジニア,株式会社スマートショッピング,"Shinagawa City, Japan",https://stackoverflow.com/jobs/370396
紹介予定派遣/天六駅チカ WEB名刺発注システムに関する一連業務 PHP,株式会社スタッフサービス　エンジニアガイド,"Osaka, Japan",https://stackoverflow.com/jobs/370378
《モバイルアプリエンジニア》/SaaSソリューション,株式会社RevComm,"Shibuya City, Japan",https://stackoverflow.com/jobs/370351
リードエンジニア,株式会社Rights,"Oita, Japan",https://stackoverflow.com/jobs/388475
最先端技術研究/企画/開発フルスタックエンジニア,株式会社Widsley,"Shibuya City, Japan",https://stackoverflow.com/jobs/388409
(Senior) Web/Mobile Developer (m/w/d),Lotum GmbH,"Frankfurt am Main, Deutschland",https://stackoverflow.com/jobs/372988
Senior PHP Developer,Sourcetoad,"Tampa, FL",https://stackoverflow.com/jobs/370174
Agile Developer & Senior Architect Developer,Ericsson,"Karlskrona, Sweden",https://stackoverflow.com/jobs/396268
Backend developer to build robust systems with Kotlin,Shape A/S,"København, Denmark",https://stackoverflow.com/jobs/370009
Software Engineer,Centre for Strategic Infocomm Technologies (CSIT),Singapore,https://stackoverflow.com/jobs/345130
Frontend developer React,VIKTOR,"Delft, Netherlands",https://stackoverflow.com/jobs/388222
Senior Front-end / JS Developer,iubenda,"Milan, Italy",https://stackoverflow.com/jobs/396259
Senior Frontend Web Developer (m/w/x),Flagbit GmbH & Co. KG,"Karlsruhe, Deutschland",https://stackoverflow.com/jobs/183457
PHP,附近网络科技,"Suzuka, Japan",https://stackoverflow.com/jobs/356746
フロントエンドエンジニア,株式会社RevComm,"Shibuya City, Japan",https://stackoverflow.com/jobs/369919
フルスタック開発エンジニア,株式会社アイルミッション,"Yokohama, Japan",https://stackoverflow.com/jobs/369915
モバイルアプリエンジニア,株式会社RevComm,"Shibuya City, Japan",https://stackoverflow.com/jobs/369884
飲食店×テクノロジー×仙台|0 1立ち上げバックエンドエンジニア,株式会社Showcase Gig,"Sendai, Japan",https://stackoverflow.com/jobs/356373
フロントエンドエンジニア/上場IT企業,株式会社クリエアナブキ,"Osaka, Japan",https://stackoverflow.com/jobs/369856
Full-stack Developer,Azeus Group of Companies,"Noida, India",https://stackoverflow.com/jobs/369811
Software Developer,Azeus Group of Companies,"Noida, India",https://stackoverflow.com/jobs/369802
PHP Developer,Techvoot Solutions,"Ahmedabad, India",https://stackoverflow.com/jobs/396223
Azure Developer /Admin,IT Business Management Solutions India Private Limited,"Bengaluru, India",https://stackoverflow.com/jobs/388194
Drupal Developer,proventeq,"Pune, India",https://stackoverflow.com/jobs/331887
[急募] ≪正社員 年収600万円↑≫ウェアラブル系サーバーエンジニア,株式会社マイナビワークス(マイナビスタッフ),"Osaka, Japan",https://stackoverflow.com/jobs/396175
バックエンドエンジニア,株式会社LHL,"Shinjuku City, Japan",https://stackoverflow.com/jobs/396140
フロントエンドエンジニア,LINE株式会社,"Fukuoka, Japan",https://stackoverflow.com/jobs/369702
Senior Software Engineer (Frontend) - Reimagine the property industry,Zoopla,"London, UK",https://stackoverflow.com/jobs/387983
Senior Chapter Lead (m/w/d) Web Frontend (CBC),CBC Cologne Broadcasting Center GmbHviaTERRITORY Content to Results GmbH,"Köln, Deutschland",https://stackoverflow.com/jobs/394277
リハビリ支援ロボットに関するWebシステム開発,株式会社パソナテック,"Osaka, Japan",https://stackoverflow.com/jobs/310701
サーバーサイドエンジニア(自社カジュアルギフトサービス「giftee」チーム),type転職エージェント,"Shinagawa City, Japan",https://stackoverflow.com/jobs/310243
GU Webデベロッパー / Web Developer,株式会社ユニクロ,"Koto City, Japan",https://stackoverflow.com/jobs/310241
Webエンジニア新規事業開発チーム,type転職エージェント,"Shinagawa City, Japan",https://stackoverflow.com/jobs/310236
メディアシステム開発/テックリード,レバレジーズ株式会社,"Shibuya City, Japan",https://stackoverflow.com/jobs/310219
バックエンドエンジニア,株式会社MONOKROM,"Shibuya City, Japan",https://stackoverflow.com/jobs/310218
ソフトウェアエンジニア(フロントエンド)/管理職候補,レバレジーズ株式会社,"Shibuya City, Japan",https://stackoverflow.com/jobs/310210
ソフトウェアエンジニア(フロントエンド),レバレジーズ株式会社,"Shibuya City, Japan",https://stackoverflow.com/jobs/310162
フロントエンドエンジニア(プログラマー),株式会社　　エース,"Osaka, Japan",https://stackoverflow.com/jobs/309870
システムエンジニア(バックエンド/フロントエンド),株式会社アーティス,"Hamamatsu, Japan",https://stackoverflow.com/jobs/309440
フロントエンドエンジニア(au スマートパス),株式会社mediba,"Minato City, Japan",https://stackoverflow.com/jobs/309017
Webアプリケーションエンジニア,株式会社シムネット,"Sendai, Japan",https://stackoverflow.com/jobs/308962
JavaScript-Entwickler (m/w/d),sharesuite GmbH,"Hanover, Germany",https://stackoverflow.com/jobs/387951
Full-stack Software Engineer Associate,One Acre Fund,"Kigali, Rwanda",https://stackoverflow.com/jobs/387886
PHP developer,Gambling.com Group,"Dublin 2, Ireland",https://stackoverflow.com/jobs/308838
Senior Software Engineer (React/Java),Pinnacle 21,"Blue Bell, PA",https://stackoverflow.com/jobs/262299
Frontend-Entwickler / Frontend Developer (m/w/d),SVA System Vertrieb Alexander GmbH,"Wiesbaden, Deutschland",https://stackoverflow.com/jobs/374369
Senior Full Stack Software Developer- Remote,Upstack,No office location,https://stackoverflow.com/jobs/286028
Frontend Developer (m/w/d),Neofonie,"Berlin, Deutschland",https://stackoverflow.com/jobs/396069
PHP Entwickler (Backend oder Full Stack)(m/w/d),WunschGutschein,"Düsseldorf, Deutschland",https://stackoverflow.com/jobs/365530
Lead Frontend Developer,ABOUT YOU GmbH,"Hamburg, Deutschland",https://stackoverflow.com/jobs/396067
Fullstack Developer (m/f),Sclable Business Solutions GmbH,"Wien, Österreich",https://stackoverflow.com/jobs/396059
"Front-End Developer (HTML, CSS, Vue.js, Animation)",Limesharp,"London, UK",https://stackoverflow.com/jobs/132347
(Senior) Software Developer (m/w/d),Just Spices GmbH,"Düsseldorf, Deutschland",https://stackoverflow.com/jobs/381312
ソフトウェアエンジニア(TIG/Technology Architect),フューチャーアーキテクト株式会社,"Shinagawa City, Japan",https://stackoverflow.com/jobs/346792
Senior Web Developer,Axpo,"Madrid, Spain",https://stackoverflow.com/jobs/387878
Webアプリケーション開,株式会社言語サービス,"Yokohama, Japan",https://stackoverflow.com/jobs/377669
【開発マネージャー候補募集】,株式会社IKY,"Chuo City, Japan",https://stackoverflow.com/jobs/377643
フロントエンドエンジニア,type転職エージェント,"Shibuya City, Japan",https://stackoverflow.com/jobs/377640
ITエンジニア,JYJサンブリッジ株式会社,"Chuo City, Japan",https://stackoverflow.com/jobs/377619
Javascript Developer,azularc,"Mumbai, India",https://stackoverflow.com/jobs/387870
Node.js Freelancer,West agile labs,"Hyderabad, India",https://stackoverflow.com/jobs/372056
Full Stack Web Developer,RENT RO - IND,"Hyderabad, India",https://stackoverflow.com/jobs/370312
社内SE《兵庫》,株式会社がまかつ,"Nishiwaki, Japan",https://stackoverflow.com/jobs/395870
リード・フロントエンドエンジニア,株式会社ゆめみ,"Kyoto, Japan",https://stackoverflow.com/jobs/395863
Full Stack JavaScript Engineer,Sine,"Stepney, Australia",https://stackoverflow.com/jobs/276008
Java Architect / Technical Lead,ELCA Informatique SA,,https://stackoverflow.com/jobs/395712
Sr Front End Developer (Angular / React),HaysviaHays plc,"Orlando, FL",https://stackoverflow.com/jobs/368896
Développeur C# / .NET H/F – Poste CDI – Lille,SkillValue,"Lille, France",https://stackoverflow.com/jobs/395711
Senior Frontend Developer,Telia Company,"Solna, Sweden",https://stackoverflow.com/jobs/395731
Solution Architect,Telia Company,"Solna, Sweden",https://stackoverflow.com/jobs/395730
"Frontend Developer (gn) JavaScript, HTML5, CSS3",4Com GmbH & Co. KG,"Hannover, Deutschland",https://stackoverflow.com/jobs/395728
Senior Frontend Web Developer (m/f),Mindbreeze,"Linz, Österreich",https://stackoverflow.com/jobs/278206
Junior Web Developer (Angular),ELCA Informatique SA,"Zürich, Switzerland",https://stackoverflow.com/jobs/395713
Software Engineer - mid-senior; python & javascript,Envelop Risk,"Bristol, UK",https://stackoverflow.com/jobs/355667
Frontend Developer (Vue.js),EJN Corp.,"Tokyo, Japan",https://stackoverflow.com/jobs/331239
Frontend Developer (Vue or React),EJN Corp.,"Teheran-ro, South Korea",https://stackoverflow.com/jobs/331223
Senior Software Engineer (m/w) 80  100%,BlueCare AG,"Winterthur, Switzerland",https://stackoverflow.com/jobs/395693
Professional Software Engineer (m/w) 80  100%,BlueCare AG,"Winterthur, Switzerland",https://stackoverflow.com/jobs/395691
Web Front-end Architect / Technical Lead,ELCA Informatique SA,"Zürich, Switzerland",https://stackoverflow.com/jobs/395689
【自社開発のみ / PG】経験者優遇!急成長中のBtoCマーケットプレイスを支えるPHPプログラマー募集,クムクム株式会社,"Minato City, Japan",https://stackoverflow.com/jobs/387675
サーバーサイド エンジニア,株式会社テコテック,"Minato City, Japan",https://stackoverflow.com/jobs/377437
Senior Full-Stack Developer*,inovex GmbH,"Hamburg, Deutschland",https://stackoverflow.com/jobs/238684
Senior Software Developer* mit Schwerpunkt Web Frontend,inovex GmbH,"Hamburg, Deutschland",https://stackoverflow.com/jobs/238737
システムエンジニア,株式会社テクトレージ,"Osaka, Japan",https://stackoverflow.com/jobs/395629
"Full-stack Developer (.NET/.NET Core, Vue.js)",VismaviaWork in Lithuania,"Vilnius, Lithuania",https://stackoverflow.com/jobs/395628
SREエンジニア,type転職エージェント,"Shinagawa City, Japan",https://stackoverflow.com/jobs/344680
【AWS】クラウドインフラエンジニア,株式会社ヴォーカーズ,"Shibuya City, Japan",https://stackoverflow.com/jobs/319558
Sr. PHP Developer,Augurs,"Lucknow, India",https://stackoverflow.com/jobs/377192
PHP DEveloper/Web Developer/Programmer,Bakuun India,"Pune, India",https://stackoverflow.com/jobs/395537
.Net Architect / Technical Lead,ELCA Informatique SA,"Zürich, Switzerland",https://stackoverflow.com/jobs/395513
.NET Developer,Bluebolt,"Chicago, IL",https://stackoverflow.com/jobs/181283
Remote Shopify Developer,Bluebolt,"Chicago, IL",https://stackoverflow.com/jobs/111292
"Frontend Software Engineer. Evangelist. Enthusiast (Java Script, HTML5) (m/f/x)",financial.com AG,"München, Deutschland",https://stackoverflow.com/jobs/285784
Vue JavaScript Developer,Nacelle,No office location,https://stackoverflow.com/jobs/395510
"Senior Backend Developer (Node, Event-Driven)",Nacelle,No office location,https://stackoverflow.com/jobs/395509
Lead Full Stack Developer,ABOUT YOU GmbH,"Hamburg, Deutschland",https://stackoverflow.com/jobs/366480
Frontend Developer,ABOUT YOU GmbH,"Hamburg, Deutschland",https://stackoverflow.com/jobs/304349
Team Leader Java Developer,Experis - ManpowerGroup,"Trieste, Italy",https://stackoverflow.com/jobs/330553
Software Engineer .NET,VX Company,"Baarn, Netherlands",https://stackoverflow.com/jobs/377088
Urgent Opening for PHP Laravel Web Development,Connect 4 Resources,"New Delhi, India",https://stackoverflow.com/jobs/387517
プロダクトマネージャー,株式会社フロムスクラッチ,"Shinjuku City, Japan",https://stackoverflow.com/jobs/377012
システム保守運用,株式会社フロムスクラッチ,"Fukuoka, Japan",https://stackoverflow.com/jobs/376982
ソフトウェアエンジニア(サーバサイド/Webフロント),株式会社ウェザーライト,"Kashiwa, Japan",https://stackoverflow.com/jobs/395444
・フロントエンドエンジニア ・バックエンドエンジニア ・モバイルエンジニア( Flutterエンジニア ),エヌ次元株式会社,"Shibuya City, Japan",https://stackoverflow.com/jobs/355366
バックエンドエンジニア,合同会社DMM.com,"Minato City, Japan",https://stackoverflow.com/jobs/368242
Senior Software Developer,Titansoft Pte Ltd,Singapore,https://stackoverflow.com/jobs/285281
Senior UI Developer,SAN HR ADVISORS,"Pune, India",https://stackoverflow.com/jobs/368203
Senior Full Stack Developer,Titan School Solutions,No office location,https://stackoverflow.com/jobs/374606
Backend Developer,Sofía,"Mexico City, Mexico",https://stackoverflow.com/jobs/255373
SENIOR GAME ENGINE DEVELOPER JAVASCRIPT / HTML5: For strategic online games.,Bytro Labs GmbH,"Hamburg, Germany",https://stackoverflow.com/jobs/393508
HTML5 Frontend Developer: Strategic online games are our passion.,Bytro Labs GmbH,"Hamburg, Germany",https://stackoverflow.com/jobs/393511
JavaScript Developer,Revolution,"Little Rock, AR",https://stackoverflow.com/jobs/300138
2名募集 即日/交通費全額/次世代プラットホームの開発支援,株式会社エーティーエス,"Chiyoda City, Japan",https://stackoverflow.com/jobs/387316
Full Stack Web Developer,Oceao Technologies,"Kochi, India",https://stackoverflow.com/jobs/387280
PHP Developer,Moveo,"Ahmedabad, India",https://stackoverflow.com/jobs/329585
Webエンジニア/京都支社スターティングメンバー/自社内開発あり/残業月平均12h/テレワーク制度あり,株式会社　アクセル・モード,"Yokote, Japan",https://stackoverflow.com/jobs/318537
Java Entwickler (m/w/d),MT AG - enabling the adaptive enterprise,"Ratingen, Deutschland",https://stackoverflow.com/jobs/338095
エンジニア,ナイル株式会社,"Shinagawa City, Japan",https://stackoverflow.com/jobs/327617
フロントエンドエンジニア,株式会社アジャイルウェア,"Osaka, Japan",https://stackoverflow.com/jobs/338380
"UI/Front End Developer - AngularJS, React js, Vue Js",Whizminds innologix Private Limited,"Indore, India",https://stackoverflow.com/jobs/378390
Fullstack Web Developer (w/m/d) Fokus Frontend | Team Assets,Otto (GmbH & Co KG),"Hamburg, Germany",https://stackoverflow.com/jobs/367707
Senior Full Stack Developer,Northern Ground,"Milwaukee, WI",https://stackoverflow.com/jobs/291605
"Full Stack Developer (m/w) (Java, Vue.js, JavaScript, Spring Boot)",RIAG DIGITAL,"Wien, Austria",https://stackoverflow.com/jobs/376574
Fullstack Software Engineer,Clarity Innovations,"Boston, MA",https://stackoverflow.com/jobs/285780
.NET Architect / Technical Lead,ELCA Informatique SA,,https://stackoverflow.com/jobs/395185
Full Stack Engineer/Developer/Tech Lead/Team Lead,Armentum,"Bengaluru, India",https://stackoverflow.com/jobs/395133
六本木にてフロントエンドエンジニアのお仕事,クリーク・アンド・リバー社,"Minato City, Japan",https://stackoverflow.com/jobs/331591
WEBエンジニア,SO Technologies株式会社,"Chiyoda City, Japan",https://stackoverflow.com/jobs/394987
シニアエンジニア,ソウルドアウト株式会社,"Chiyoda City, Japan",https://stackoverflow.com/jobs/394986
ITエンジニア,株式会社with,"Taito City, Japan",https://stackoverflow.com/jobs/394983
【副業OK】Webエンジニア(SE),トレスイノベーション株式会社,"Meguro City, Japan",https://stackoverflow.com/jobs/394981
【フルリモート/Go】自社プロダクト「ATOM」Webエンジニア,SO Technologies 株式会社,"Chiyoda City, Japan",https://stackoverflow.com/jobs/394980
【Go/Vue/フルリモートOK!】自社プロダクト「ライクル」Webエンジニア,SO Technologies 株式会社,"Chiyoda City, Japan",https://stackoverflow.com/jobs/394979
【幹部候補募集中】大手ITサービス案件のプロジェクトマネージャー(PM),株式会社アップクロス,"Shinjuku City, Japan",https://stackoverflow.com/jobs/394965
バックエンドエンジニア,株式会社ハイベロシティ,"Minato City, Japan",https://stackoverflow.com/jobs/376371
SRE(DevOpsエンジニア),KeepAlive株式会社,"Shinjuku City, Japan",https://stackoverflow.com/jobs/376332
フロントエンドエンジニア,エムスリー株式会社,"Minato City, Japan",https://stackoverflow.com/jobs/309972
リードエンジニア,株式会社ネクストビート,"Oita, Japan",https://stackoverflow.com/jobs/376317
フロントエンドエンジニア~フリマアプリ『ラクマ』担当~,type転職エージェント,"Setagaya City, Japan",https://stackoverflow.com/jobs/387063
Webアプリエンジニア,アイレット株式会社,"Osaka, Japan",https://stackoverflow.com/jobs/376136
社内SE(社内ツール企画/開発)/フレックス勤務,株式会社Works Human Intelligence,"Minato City, Japan",https://stackoverflow.com/jobs/376123
Webアプリ開発,テクノヒューマンパワー株式会社,"Shibuya City, Japan",https://stackoverflow.com/jobs/376094
Senior Full Stack Engineer,Applied,"London, UK",https://stackoverflow.com/jobs/394902
スマホアプリエンジニア,エムスリーキャリア株式会社,"Minato City, Japan",https://stackoverflow.com/jobs/376093
エンジニアリングマネージャー,paiza株式会社,"Minato City, Japan",https://stackoverflow.com/jobs/376086
即日スタート/交通費全額/開発案件におけるPM業務,株式会社エーティーエス,"Osaka, Japan",https://stackoverflow.com/jobs/376028
Railsエンジニア/100%受託開発/渋谷/ベンチャー/週1リモート/時短勤務可,mofmof inc.,"Shibuya City, Japan",https://stackoverflow.com/jobs/376027
Laravel Developer,Hk infosoft,"Ahmedabad, India",https://stackoverflow.com/jobs/387013
AI関連システムの開発(Python),株式会社キャリアデザインITパートナーズ,"Shibuya City, Japan",https://stackoverflow.com/jobs/375887
【インターンシップ】ゲーム エンタメ/芸能,株式会社ギャポリー,"Minato City, Japan",https://stackoverflow.com/jobs/375800
アプリエンジニア,株式会社MONOKROM,"Shibuya City, Japan",https://stackoverflow.com/jobs/375668
SENIOR FULL-STACK DEVELOPER(シニア フルスタック デベロッパー),FunkyCorp Ltd.,"Minato City, Japan",https://stackoverflow.com/jobs/375652
フロントエンドエンジニア/re:shineチーム,株式会社メタップス,"Minato City, Japan",https://stackoverflow.com/jobs/354494
CCCMK_内製エンジニア(データエンハンス),カルチュア･コンビニエンス・クラブグループ,"Shibuya City, Japan",https://stackoverflow.com/jobs/310196
Senior Frontend Developer (Remote),Hypothesis.is,No office location,https://stackoverflow.com/jobs/375433
"Software Engineer (Full-Stack): Graph Visualisation, Benchmarking, Web Services",Grakn Labs,"London, UK",https://stackoverflow.com/jobs/294061
Product Software Engineer,Xpand IT,"Lisboa, Portugal",https://stackoverflow.com/jobs/386132
QA Engineer,Back Market,"Paris, France",https://stackoverflow.com/jobs/283888
"Senior JavaScript-Developer (f/m/d) Cologne, Paderborn or remote",DeepL GmbH,"Köln, Deutschland",https://stackoverflow.com/jobs/392976
Java Software Developer (m/w/d),ID.on GmbH,"Hannover, Deutschland",https://stackoverflow.com/jobs/386820
Mid/Senior Front End Engineer,PT Gigaming Intermedia Solusindo,"Kecamatan Sumur Bandung, Indonesia",https://stackoverflow.com/jobs/386744
PHP Web Developer,CUETIN,"Hyderabad, India",https://stackoverflow.com/jobs/367522
フロントエンドエンジニア,株式会社アジャイルウェア,"Meguro City, Japan",https://stackoverflow.com/jobs/386702
ソフトウェアエンジニア,エムスリー株式会社,"Minato City, Japan",https://stackoverflow.com/jobs/309551
Webエンジニア,GROOVEX株式会社,"中央区, Japan",https://stackoverflow.com/jobs/386695
Dotnet Developer,Indium Software,"Bengaluru, India",https://stackoverflow.com/jobs/328444
Java、SQL/生命保険代理店サイトの再構築,株式会社ブレーンネット,"Chiyoda City, Japan",https://stackoverflow.com/jobs/360547
Senior PHP Developer,Defiant Inc,No office location,https://stackoverflow.com/jobs/386493
IoTプロダクト開発エンジニア,株式会社ウフル,"Minato City, Japan",https://stackoverflow.com/jobs/394704
エンジニア,type転職エージェント,"Shinagawa City, Japan",https://stackoverflow.com/jobs/343345
SETエンジニア/QAエンジニア,株式会社ヴォーカーズ,"Shibuya City, Japan",https://stackoverflow.com/jobs/319556
フロントエンドエンジニア(弁護士ドットコム),弁護士ドットコム株式会社,"Minato City, Japan",https://stackoverflow.com/jobs/343138
フロントエンドエンジニア,株式会社MONSTER DIVE,"Minato City, Japan",https://stackoverflow.com/jobs/354072
Full Stack Developer (Evening),Maropost,"Sahibzada Ajit Singh Nagar, India",https://stackoverflow.com/jobs/386569
リードエンジニア,アイスタイルグループ,"Minato City, Japan",https://stackoverflow.com/jobs/367374
Full Stack Web Developer,Spiria Digital,"Gatineau, QC, Canada",https://stackoverflow.com/jobs/367340
Frontend Developer,IndiaBizForSale.com,"Ahmedabad, India",https://stackoverflow.com/jobs/394618
"Manager, Engineering (Billing Team)",BigCommerce,"Austin, TX",https://stackoverflow.com/jobs/394506
Senior Java Software Engineer,AIR MILES,"Toronto, ON, Canada",https://stackoverflow.com/jobs/394502
Dashboard UI Full Stack Developer,Imperative Execution Inc.,"Stamford, CT",https://stackoverflow.com/jobs/386462
"Senior Fullstack Developer (Python, Java, AngularJS, Node.JS, React, Web, UI)",Mimecast,"London, UK",https://stackoverflow.com/jobs/394452
Développeur Front-end (H/F),Publicis Sapient Engineering,"Paris, France",https://stackoverflow.com/jobs/353625
Senior Full-Stack Developer (Back-end oriented),Tipalti,"Glil Yam, Israel",https://stackoverflow.com/jobs/298932
Full Stack Developer,Grow-Trees.com,"Mumbai, India",https://stackoverflow.com/jobs/386434
